rank,name,id,age,team,position,gamesPlayed,goals,assists,points,plusMinus,pim,pointShares,evenStrengthGoals,powerPlayGoals,shortHandedGoals,gameWinningGoals,evenStrengthAssists,powerPlayAssists,shortHandedAssists,shots,shPercentage,toi,averageTOI,blocks,hits,faceOffWins,faceOffLosses,faceOffPercentage
1,Noel Acciari,acciano01,30,FLA,C,1,0,0,0,0,0,0.0,0,0,0,0,0,0,0,1,0.0,12,11:47,1,2,2,1,66.7
2,Calen Addison,addisca01,21,MIN,D,9,2,1,3,0,0,0.5,2,0,0,0,1,0,0,12,16.7,123,13:40,3,10,0,0,
3,Andrew Agozzino,agozzan01,31,OTT,LW,1,0,0,0,0,0,0.0,0,0,0,0,0,0,0,1,0.0,7,6:52,0,4,1,2,33.3
4,Jack Ahcan,ahcanja01,24,BOS,D,3,0,0,0,0,0,0.1,0,0,0,0,0,0,0,2,0.0,44,14:37,2,4,0,0,
5,Sebastian Aho,ahose01,24,CAR,F,45,21,30,51,12,24,6.1,12,9,0,3,20,8,2,131,16.0,855,19:00,16,40,313,283,52.5
6,Sebastian Aho,ahose02,25,NYI,D,14,0,3,3,-7,0,0.1,0,0,0,0,2,1,0,19,0.0,242,17:15,17,11,0,0,
7,Alexander Alexeyev,alexeal01,22,WSH,D,1,0,0,0,0,2,0.0,0,0,0,0,0,0,0,0,,11,10:35,0,1,0,0,
8,Wade Allison,alliswa01,24,PHI,RW,1,0,0,0,-1,0,-0.1,0,0,0,0,0,0,0,2,0.0,8,8:16,0,1,0,0,
9,Michael Amadio,amadimi01,25,TOT,C,28,4,3,7,1,2,0.6,4,0,0,1,3,0,0,34,11.8,302,10:48,7,17,20,31,39.2
10,Michael Amadio,amadimi01,25,VEG,C,25,4,3,7,0,2,0.6,4,0,0,1,3,0,0,32,12.5,275,11:00,7,14,20,29,40.8
11,Michael Amadio,amadimi01,25,TOR,C,3,0,0,0,1,0,0.0,0,0,0,0,0,0,0,2,0.0,27,9:10,0,3,0,2,0.0
12,Joey Anderson,anderjo08,23,TOR,RW,4,0,0,0,-1,0,-0.1,0,0,0,0,0,0,0,8,0.0,31,7:47,0,2,0,0,
13,Josh Anderson,anderjo05,27,MTL,RW,38,9,8,17,-21,39,0.9,9,0,0,1,7,1,0,89,10.1,641,16:52,13,92,10,11,47.6
14,Michael Anderson,andermi02,22,LAK,D,47,2,3,5,10,6,2.2,2,0,0,1,3,0,0,49,4.1,943,20:03,58,109,0,0,
15,Jaret Anderson-Dolan,anderja01,22,LAK,C,2,0,0,0,-1,0,-0.1,0,0,0,0,0,0,0,1,0.0,25,12:24,0,4,9,7,56.3
16,Lias Andersson,anderli01,23,LAK,C,13,0,1,1,-2,10,-0.2,0,0,0,0,0,1,0,18,0.0,144,11:07,2,14,11,8,57.9
17,Rasmus Andersson,anderra01,25,CGY,D,48,2,25,27,14,14,4.7,1,1,0,0,15,9,1,92,2.2,1076,22:25,76,25,0,0,
18,Andy Andreoff,andrean01,30,NYI,LW,5,1,0,1,-1,0,0.1,1,0,0,0,0,0,0,6,16.7,49,9:52,1,8,6,3,66.7
19,Anthony Angello,angelan01,25,PIT,C,1,0,0,0,0,0,0.0,0,0,0,0,0,0,0,2,0.0,5,5:19,0,1,0,0,
20,Mason Appleton,applema01,26,SEA,C,37,5,8,13,-4,12,0.9,5,0,0,2,8,0,0,50,10.0,527,14:15,12,29,7,13,35.0
21,Joel Armia,armiajo01,28,MTL,RW,37,2,5,7,-7,12,-0.1,2,0,0,0,4,1,0,58,3.4,503,13:36,20,72,1,12,7.7
22,Viktor Arvidsson,arvidvi01,28,LAK,LW,43,13,19,32,4,22,3.5,9,4,0,1,16,3,0,162,8.0,749,17:25,35,15,8,8,50.0
23,Rasmus Asplund,asplura01,24,BUF,F,48,5,12,17,-12,8,0.6,2,2,1,1,10,2,0,85,5.9,748,15:34,9,12,24,31,43.6
24,Zach Aston-Reese,astonza01,27,PIT,C,43,1,9,10,6,20,0.4,1,0,0,0,9,0,0,46,2.2,565,13:08,27,156,3,2,60.0
25,Andreas Athanasiou,athanan01,27,LAK,C,18,5,4,9,-1,2,1.0,5,0,0,1,3,1,0,41,12.2,266,14:46,4,5,6,4,60.0
26,Cam Atkinson,atkinca01,32,PHI,RW,49,17,20,37,8,8,4.3,12,2,3,4,17,3,0,151,11.3,900,18:22,34,16,4,6,40.0
27,Nicolas Aube-Kubel,aubekni01,25,TOT,RW,44,7,9,16,6,39,1.6,7,0,0,1,9,0,0,59,11.9,445,10:07,10,88,3,7,30.0
28,Nicolas Aube-Kubel,aubekni01,25,COL,RW,37,7,8,15,9,33,1.7,7,0,0,1,8,0,0,50,14.0,376,10:10,9,71,3,7,30.0
29,Nicolas Aube-Kubel,aubekni01,25,PHI,RW,7,0,1,1,-3,6,-0.1,0,0,0,0,1,0,0,9,0.0,69,9:49,1,17,0,0,
30,Mikael Backlund,backlmi01,32,CGY,C,48,7,14,21,7,14,1.7,7,0,0,1,10,4,0,126,5.6,839,17:28,15,40,353,369,48.9
31,Nicklas Backstrom,backsni02,34,WSH,C,19,4,10,14,-1,6,1.2,3,1,0,1,5,5,0,37,10.8,338,17:48,6,9,138,155,47.1
32,Brandon Baddock,baddobr01,26,MTL,LW,1,0,0,0,0,0,0.0,0,0,0,0,0,0,0,0,,8,8:24,0,6,0,0,
33,Sven Baertschi,baertsv01,29,VEG,LW,1,0,0,0,-1,0,-0.1,0,0,0,0,0,0,0,1,0.0,14,13:54,0,0,0,0,
34,Kevin Bahl,bahlke01,21,NJD,D,4,0,0,0,-3,2,-0.2,0,0,0,0,0,0,0,4,0.0,54,13:35,2,5,0,0,
35,Josh Bailey,bailejo01,32,NYI,C,38,3,18,21,-6,4,1.3,2,1,0,1,14,4,0,40,7.5,668,17:35,16,12,32,54,37.2
36,Justin Bailey,baileju01,26,VAN,RW,14,0,0,0,-5,6,-0.4,0,0,0,0,0,0,0,16,0.0,127,9:05,6,12,0,1,0.0
37,Rudolfs Balcers,balceru01,24,SJS,LW,31,6,9,15,-2,8,1.4,6,0,0,1,8,0,1,55,10.9,478,15:26,23,64,6,8,42.9
38,Alexander Barabanov,barabal01,27,SJS,F,40,7,19,26,-1,4,2.3,6,1,0,1,14,5,0,55,12.7,686,17:09,24,23,0,1,0.0
39,Ivan Barbashev,barbaiv01,26,STL,C,48,15,19,34,4,24,3.5,10,4,1,1,14,4,1,77,19.5,815,16:59,23,85,94,156,37.6
40,Riley Barber,barberi01,27,DET,RW,2,0,0,0,1,0,0.0,0,0,0,0,0,0,0,2,0.0,12,6:08,1,1,0,0,
41,Aleksander Barkov,barkoal01,26,FLA,C,36,22,20,42,20,6,5.4,12,6,4,3,16,4,0,120,18.3,726,20:10,24,32,415,329,55.8
42,Alex Barre-Boulet,barreal01,24,TOT,F,16,3,3,6,0,4,0.6,3,0,0,0,2,1,0,16,18.8,176,11:00,3,10,6,9,40.0
43,Alex Barre-Boulet,barreal01,24,TBL,F,14,3,2,5,0,4,0.5,3,0,0,0,1,1,0,16,18.8,159,11:20,3,10,6,9,40.0
44,Alex Barre-Boulet,barreal01,24,SEA,F,2,0,1,1,0,0,0.1,0,0,0,0,1,0,0,0,,17,8:39,0,0,0,0,
45,Tyson Barrie,barrity01,30,EDM,D,43,3,17,20,-5,14,2.4,1,2,0,0,9,8,0,86,3.5,831,19:19,42,18,0,0,
46,Justin Barron,barroju01,20,COL,D,2,0,0,0,-1,0,-0.1,0,0,0,0,0,0,0,0,,25,12:35,1,1,0,0,
47,Morgan Barron,barromo01,23,NYR,C,9,0,1,1,0,4,0.0,0,0,0,0,1,0,0,5,0.0,85,9:25,2,20,23,14,62.2
48,Mathew Barzal,barzama01,24,NYI,C,41,12,21,33,-7,12,3.3,11,1,0,1,12,9,0,103,11.7,767,18:42,8,24,128,146,46.7
49,Nathan Bastian,bastina01,24,TOT,RW,43,9,2,11,-4,52,1.0,7,2,0,0,1,1,0,59,15.3,516,12:00,24,128,14,10,58.3
50,Nathan Bastian,bastina01,24,NJD,RW,31,8,1,9,-3,21,0.9,6,2,0,0,0,1,0,49,16.3,405,13:05,18,112,12,8,60.0
51,Nathan Bastian,bastina01,24,SEA,RW,12,1,1,2,-1,31,0.1,1,0,0,0,1,0,0,10,10.0,111,9:14,6,16,2,2,50.0
52,Drake Batherson,bathedr01,23,OTT,C,31,13,21,34,4,18,4.0,11,2,0,0,12,9,0,74,17.6,588,18:58,12,65,14,12,53.8
53,Gavin Bayreuther,bayrega01,27,CBJ,D,28,0,7,7,-1,17,0.8,0,0,0,0,7,0,0,33,0.0,391,13:59,24,30,0,0,
54,Jay Beagle,beaglja01,36,ARI,RW,21,1,0,1,-11,10,-0.7,1,0,0,0,0,0,0,13,7.7,295,14:02,9,32,190,118,61.7
55,Jake Bean,beanja01,23,CBJ,D,41,4,11,15,-1,20,2.2,4,0,0,2,9,1,1,58,6.9,871,21:14,54,18,0,0,
56,Ethan Bear,bearet01,24,CAR,D,34,2,6,8,8,16,2.1,2,0,0,1,6,0,0,47,4.3,535,15:44,29,31,0,0,
57,Nicolas Beaudin,beaudni01,22,CHI,D,2,0,0,0,-1,0,-0.1,0,0,0,0,0,0,0,1,0.0,12,6:10,1,0,0,0,
58,Nathan Beaulieu,beaulna01,29,WPG,D,19,0,1,1,-8,21,-0.3,0,0,0,0,1,0,0,20,0.0,192,10:05,15,10,0,0,
59,Anthony Beauvillier,beauvan01,24,NYI,LW,41,8,10,18,-10,2,1.4,4,4,0,1,9,1,0,84,9.5,683,16:39,11,25,4,4,50.0
60,Adam Beckman,beckmad01,20,MIN,LW,3,0,1,1,-1,2,0.0,0,0,0,0,1,0,0,4,0.0,31,10:25,1,1,0,0,
61,Pierre-Edouard Bellemare,bellepi01,36,TBL,LW,48,6,9,15,17,4,1.4,5,0,1,1,9,0,0,45,13.3,691,14:23,27,58,287,268,51.7
62,Kieffer Bellows,belloki01,23,NYI,LW,21,3,7,10,1,9,1.0,3,0,0,2,5,2,0,34,8.8,254,12:07,6,48,0,1,0.0
63,Alex Belzile,belzial01,30,MTL,F,11,0,0,0,0,4,-0.2,0,0,0,0,0,0,0,13,0.0,114,10:24,5,17,8,11,42.1
64,Emil Bemstrom,bemstem01,22,CBJ,C,13,2,2,4,-1,2,0.3,2,0,0,1,2,0,0,22,9.1,131,10:05,2,7,0,0,
65,Jamie Benn,bennja01,32,DAL,LW,48,12,11,23,-8,60,1.9,10,2,0,1,7,4,0,107,11.2,829,17:16,40,98,305,248,55.2
66,Jordie Benn,bennjo01,34,MIN,D,28,1,3,4,-5,8,0.1,1,0,0,0,3,0,0,24,4.2,423,15:07,30,33,0,0,
67,Sam Bennett,bennesa01,25,FLA,C,39,21,9,30,19,41,4.2,16,5,0,6,7,1,1,130,16.2,677,17:21,15,73,247,281,46.8
68,Matt Benning,bennima01,27,NSH,D,44,0,9,9,-11,33,0.7,0,0,0,0,9,0,0,42,0.0,745,16:55,46,56,0,0,
69,Simon Benoit,benoisi01,23,ANA,D,32,1,3,4,2,11,1.1,1,0,0,0,3,0,0,17,5.9,438,13:41,25,106,0,0,
70,Tyler Benson,bensoty01,23,EDM,LW,22,0,1,1,-3,6,-0.3,0,0,0,0,1,0,0,15,0.0,188,8:33,2,37,0,1,0.0
71,Patrice Bergeron,bergepa01,36,BOS,C,45,12,23,35,8,24,3.9,7,5,0,2,9,12,2,169,7.1,828,18:24,30,57,652,379,63.2
72,Jacob Bernard-Docker,bernaja01,21,OTT,D,8,0,1,1,1,4,0.3,0,0,0,0,1,0,0,6,0.0,118,14:46,3,4,0,0,
73,Tyler Bertuzzi,bertuty01,26,DET,LW,43,23,21,44,12,39,5.7,18,4,1,5,16,4,1,111,20.7,856,19:55,23,34,5,9,35.7
74,Alex Biega,biegaal01,33,TOR,D,2,0,0,0,-2,0,-0.1,0,0,0,0,0,0,0,2,0.0,26,13:07,1,5,0,0,
75,Clark Bishop,bishocl01,25,OTT,C,9,0,1,1,-3,6,-0.1,0,0,0,0,1,0,0,8,0.0,75,8:21,3,12,3,3,50.0
76,Anders Bjork,bjorkan01,25,BUF,LW,45,4,2,6,-11,10,-0.2,4,0,0,0,2,0,0,39,10.3,549,12:12,14,10,1,4,20.0
77,Kasper Bjorkqvist,bjorkka01,24,PIT,RW,6,1,0,1,-1,2,0.1,1,0,0,0,0,0,0,8,12.5,50,8:22,2,9,0,0,
78,Oliver Bjorkstrand,bjorkol01,26,CBJ,RW,46,15,17,32,-27,6,2.2,10,5,0,1,10,7,0,118,12.7,844,18:21,16,50,7,10,41.2
79,Tobias Bjornfot,bjornto01,20,LAK,D,50,0,7,7,-5,4,1.0,0,0,0,0,7,0,0,40,0.0,842,16:51,45,35,0,0,
80,Nick Bjugstad,bjugsni01,29,MIN,C,28,4,1,5,-5,6,0.1,4,0,0,0,1,0,0,47,8.5,285,10:11,11,45,67,63,51.5
81,Colin Blackwell,blackco01,28,SEA,C,27,5,5,10,-4,2,0.9,5,0,0,0,5,0,0,34,14.7,309,11:27,9,37,18,16,52.9
82,Sammy Blais,blaissa01,25,NYR,LW,14,0,4,4,3,17,0.2,0,0,0,0,4,0,0,17,0.0,188,13:28,8,37,1,4,20.0
83,Anton Blidh,blidhan01,26,BOS,LW,28,2,7,9,-3,12,0.6,2,0,0,0,7,0,0,22,9.1,296,10:35,16,71,0,3,0.0
84,Teddy Blueger,bluegte01,27,PIT,C,40,8,9,17,7,6,1.7,7,0,1,0,9,0,0,63,12.7,627,15:40,19,53,245,202,54.8
85,Brock Boeser,boesebr01,24,VAN,RW,45,15,13,28,-6,12,2.7,8,7,0,4,8,4,1,127,11.8,851,18:55,19,18,10,14,41.7
86,Zach Bogosian,bogosza01,31,TBL,D,23,2,4,6,5,34,1.4,2,0,0,1,4,0,0,32,6.3,401,17:25,16,60,0,0,
87,Matt Boldy,boldyma01,20,MIN,LW,15,7,7,14,7,4,1.8,4,3,0,2,4,3,0,40,17.5,247,16:28,13,4,5,3,62.5
88,Nick Bonino,boninni01,33,SJS,C,46,5,6,11,-13,12,0.1,4,1,0,0,3,3,0,70,7.1,767,16:40,59,22,327,280,53.9
89,Adam Boqvist,boqviad01,21,CBJ,D,35,9,8,17,-9,8,2.2,8,1,0,1,5,3,0,42,21.4,598,17:06,32,15,0,0,
90,Jesper Boqvist,boqvije01,23,NJD,C,24,4,6,10,-6,2,0.7,4,0,0,0,6,0,0,33,12.1,292,12:11,7,13,63,100,38.7
91,William Borgen,borgewi01,25,SEA,D,16,1,1,2,-6,15,0.1,1,0,0,0,1,0,0,20,5.0,232,14:30,16,37,0,0,
92,Henrik Borgström,borgshe01,24,CHI,C,36,4,3,7,-8,16,0.2,4,0,0,0,2,1,0,34,11.8,404,11:13,14,16,72,105,40.7
93,Mark Borowiecki,borowma01,32,NSH,D,41,0,2,2,2,103,0.8,0,0,0,0,2,0,0,28,0.0,541,13:11,51,137,0,0,
94,Robert Bortuzzo,borturo01,32,STL,D,42,1,2,3,1,28,0.8,1,0,0,0,2,0,0,27,3.7,587,13:58,55,77,0,0,
95,Evan Bouchard,bouchev01,22,EDM,D,49,9,18,27,3,20,4.4,7,2,0,0,14,3,1,115,7.8,1029,20:59,66,47,0,0,
96,Madison Bowey,boweyma01,26,VAN,D,2,0,0,0,-3,0,-0.2,0,0,0,0,0,0,0,0,,31,15:44,2,4,0,0,
97,Travis Boyd,boydtr01,28,ARI,C,41,10,13,23,-10,20,1.8,9,1,0,0,11,2,0,49,20.4,660,16:06,28,36,246,293,45.6
98,Brian Boyle,boylebr01,37,PIT,C,38,6,3,9,0,23,0.8,5,0,1,1,3,0,0,57,10.5,405,10:39,23,48,108,126,46.2
99,Tyler Bozak,bozakty01,35,STL,C,38,3,7,10,-6,12,0.2,2,0,1,1,5,1,1,34,8.8,472,12:25,15,15,145,177,45.0
100,Erik Brannstrom,branner01,22,OTT,D,19,0,4,4,-5,16,0.4,0,0,0,0,2,2,0,26,0.0,371,19:31,19,16,0,0,
101,Derick Brassard,brassde01,34,PHI,C,20,4,7,11,5,6,1.3,3,1,0,0,6,1,0,26,15.4,276,13:48,2,34,85,90,48.6
102,Jesper Bratt,brattje01,23,NJD,W,45,14,29,43,-3,16,4.3,11,3,0,5,21,8,0,121,11.6,761,16:54,14,15,0,3,0.0
103,Justin Braun,braunju01,34,PHI,D,49,4,9,13,1,32,2.7,4,0,0,0,9,0,0,55,7.3,980,20:00,93,65,0,0,
104,Guillaume Brisebois,brisegu01,24,VAN,D,1,0,0,0,-1,0,-0.1,0,0,0,0,0,0,0,0,,4,4:13,1,0,0,0,
105,Philip Broberg,brobeph01,20,EDM,D,13,0,1,1,-5,6,-0.2,0,0,0,0,1,0,0,13,0.0,181,13:56,7,4,0,0,
106,T.J. Brodie,broditj01,31,TOR,D,48,4,9,13,11,22,3.3,4,0,0,0,7,0,2,31,12.9,1003,20:54,61,22,0,0,
107,Jonas Brodin,brodijo01,28,MIN,D,37,3,16,19,7,8,2.6,3,0,0,0,10,5,1,68,4.4,873,23:36,67,28,0,0,
108,Jonny Brodzinski,brodzjo01,28,NYR,C,5,0,0,0,1,2,0.0,0,0,0,0,0,0,0,3,0.0,44,8:43,1,2,3,6,33.3
109,Adam Brooks,brookad01,25,TOT,C,11,2,1,3,2,2,0.4,2,0,0,2,1,0,0,5,40.0,119,10:51,2,8,21,32,39.6
110,Adam Brooks,brookad01,25,VEG,C,7,2,0,2,3,2,0.4,2,0,0,2,0,0,0,5,40.0,77,10:59,2,2,17,12,58.6
111,Adam Brooks,brookad01,25,MTL,C,4,0,1,1,-1,0,0.0,0,0,0,0,1,0,0,0,,42,10:35,0,6,4,20,16.7
112,Connor Brown,brownco02,28,OTT,RW,34,7,18,25,-3,4,2.1,7,0,0,0,10,5,3,60,11.7,695,20:27,22,10,27,28,49.1
113,Dustin Brown,browndu01,37,LAK,RW,47,6,15,21,-4,16,1.4,5,1,0,0,14,1,0,121,5.0,725,15:26,14,73,1,3,25.0
114,Josh Brown,brownjo01,28,OTT,D,32,0,4,4,-4,18,0.6,0,0,0,0,4,0,0,31,0.0,453,14:09,34,77,0,0,
115,Logan Brown,brownlo01,23,STL,C,18,3,3,6,-2,4,0.4,3,0,0,0,2,1,0,20,15.0,206,11:28,8,11,12,25,32.4
116,Patrick Brown,brownpa02,29,PHI,C,20,1,3,4,-3,0,0.0,1,0,0,0,3,0,0,26,3.8,239,11:58,17,37,91,67,57.6
117,Jacob Bryson,brysoja01,24,BUF,D,41,0,8,8,-12,10,0.7,0,0,0,0,2,6,0,25,0.0,775,18:54,46,31,0,0,
118,Pavel Buchnevich,buchnpa01,26,STL,LW,43,18,27,45,19,24,5.5,12,5,1,3,16,9,2,128,14.1,779,18:06,7,32,11,19,36.7
119,Connor Bunnaman,bunnaco01,23,PHI,F,15,0,0,0,-7,4,-0.5,0,0,0,0,0,0,0,10,0.0,150,10:01,2,17,57,50,53.3
120,Michael Bunting,buntimi01,26,TOR,LW,48,16,17,33,11,30,4.0,14,2,0,1,15,2,0,104,15.4,737,15:21,12,47,3,5,37.5
121,Andre Burakovsky,burakan01,26,COL,LW,47,14,22,36,9,14,3.7,11,3,0,2,18,4,0,90,15.6,760,16:10,20,35,7,11,38.9
122,Brent Burns,burnsbr01,36,SJS,D,48,4,27,31,-7,26,4.7,2,2,0,0,19,7,1,129,3.1,1259,26:14,95,30,0,1,0.0
123,Kyle Burroughs,burroky01,26,VAN,D,36,1,4,5,-5,33,0.7,1,0,0,0,4,0,0,33,3.0,463,12:52,47,97,0,0,
124,Will Butcher,butchwi01,27,BUF,D,31,1,4,5,-10,0,0.4,1,0,0,0,2,2,0,30,3.3,524,16:54,29,9,0,0,
125,Quinton Byfield,byfiequ01,19,LAK,C,10,1,0,1,-3,8,-0.1,1,0,0,0,0,0,0,12,8.3,114,11:22,1,4,35,35,50.0
126,Bowen Byram,byrambo01,20,COL,D,18,5,6,11,3,6,1.8,4,1,0,2,6,0,0,35,14.3,352,19:34,15,27,0,0,
127,Paul Byron,byronpa01,32,MTL,LW,6,1,1,2,-6,0,0.0,1,0,0,0,1,0,0,8,12.5,82,13:36,0,17,16,15,51.6
128,Drake Caggiula,caggidr01,27,BUF,LW,18,2,3,5,-4,4,0.2,2,0,0,1,2,1,0,23,8.7,263,14:38,7,17,1,3,25.0
129,Kyle Capobianco,capobky01,24,ARI,D,21,2,3,5,-5,14,0.7,1,1,0,1,2,1,0,17,11.8,323,15:22,21,16,0,0,
130,Michael Carcone,carcomi01,25,ARI,F,1,0,0,0,-1,0,-0.1,0,0,0,0,0,0,0,4,0.0,10,10:27,0,0,0,0,
131,Brandon Carlo,carlobr01,25,BOS,D,47,4,3,7,-3,23,2.1,4,0,0,0,3,0,0,81,4.9,926,19:42,65,85,0,0,
132,John Carlson,carlsjo01,32,WSH,D,48,10,30,40,14,14,6.7,6,4,0,1,20,8,2,118,8.5,1143,23:49,62,34,0,0,
133,Gabriel Carlsson,carlsga01,25,CBJ,D,18,1,3,4,2,2,0.8,1,0,0,0,3,0,0,7,14.3,219,12:10,16,16,0,0,
134,Lucas Carlsson,carlslu01,24,FLA,D,27,2,6,8,4,10,1.1,2,0,0,0,6,0,0,27,7.4,336,12:26,18,29,0,0,
135,Ryan Carpenter,carpery01,31,CHI,C,47,1,6,7,-9,29,-0.3,1,0,0,0,5,1,0,54,1.9,602,12:49,26,102,112,105,51.6
136,Sam Carrick,carrisa01,29,ANA,C,39,9,6,15,-1,49,1.7,9,0,0,0,6,0,0,58,15.5,442,11:19,11,66,104,109,48.8
137,Alexandre Carrier,carrial01,25,NSH,D,47,2,17,19,14,30,4.0,2,0,0,0,14,3,0,54,3.7,981,20:52,75,45,0,1,0.0
138,William Carrier,carriwi01,27,VEG,LW,41,5,9,14,7,12,1.4,5,0,0,0,9,0,0,55,9.1,455,11:06,15,95,1,2,33.3
139,Jeff Carter,carteje01,37,PIT,C,45,13,16,29,-1,24,2.7,12,1,0,2,13,3,0,141,9.2,819,18:12,29,63,400,303,56.9
140,Jackson Cates,catesja01,24,PHI,C,11,1,0,1,-2,0,0.0,1,0,0,0,0,0,0,8,12.5,100,9:05,3,4,20,13,60.6
141,Cole Caufield,caufico01,21,MTL,RW,34,5,7,12,-15,4,0.4,4,1,0,1,4,3,0,84,6.0,507,14:54,4,8,2,2,50.0
142,Cody Ceci,cecico01,28,EDM,D,45,2,13,15,0,6,2.3,2,0,0,0,13,0,0,64,3.1,936,20:48,57,67,0,0,
143,Erik Cernak,cernaer01,24,TBL,D,22,1,6,7,4,21,1.3,1,0,0,0,6,0,0,43,2.3,426,19:23,34,71,0,0,
144,Thomas Chabot,chaboth01,25,OTT,D,45,3,21,24,2,20,4.2,3,0,0,0,13,8,0,127,2.4,1208,26:51,72,64,0,0,
145,Zdeno Chara,charazd01,44,NYI,D,41,0,7,7,3,68,2.1,0,0,0,0,7,0,0,48,0.0,761,18:34,49,83,0,0,
146,Jalen Chatfield,chatfja01,25,CAR,D,7,0,1,1,1,0,0.3,0,0,0,0,1,0,0,10,0.0,118,16:47,7,19,0,0,
147,Ben Chiarot,chiarbe01,30,MTL,D,44,5,4,9,-27,36,0.5,4,1,0,0,3,1,0,82,6.1,1025,23:17,75,95,0,0,
148,Alex Chiasson,chiasal01,31,VAN,RW,40,5,5,10,-2,18,0.8,1,4,0,0,3,2,0,45,11.1,426,10:39,10,39,2,2,50.0
149,Yegor Chinakhov,chinaye01,20,CBJ,RW,39,6,4,10,-16,12,0.1,6,0,0,1,4,0,0,68,8.8,495,12:41,11,20,0,4,0.0
150,Declan Chisholm,chishde01,22,WPG,D,2,0,0,0,1,0,0.1,0,0,0,0,0,0,0,4,0.0,26,12:57,1,1,0,0,
151,Dennis Cholowski,cholode01,23,WSH,D,7,0,1,1,-4,2,-0.2,0,0,0,0,1,0,0,3,0.0,95,13:35,9,3,0,0,
152,Jake Christiansen,chrisja01,22,CBJ,D,3,0,0,0,0,0,0.0,0,0,0,0,0,0,0,1,0.0,31,10:29,4,5,0,0,
153,Jakob Chychrun,chychja01,23,ARI,D,38,2,9,11,-28,40,0.2,1,1,0,0,9,0,0,118,1.7,903,23:45,56,41,0,0,
154,Filip Chytil,chytifi01,22,NYR,C,40,5,7,12,-1,10,0.9,5,0,0,0,6,1,0,77,6.5,504,12:36,12,13,103,139,42.6
155,Anthony Cirelli,cirelan01,24,TBL,C,44,13,15,28,13,37,3.0,10,3,0,3,13,2,0,93,14.0,862,19:35,42,45,268,294,47.7
156,Casey Cizikas,cizikca01,30,NYI,C,37,4,2,6,-2,12,0.3,4,0,0,2,2,0,0,46,8.7,510,13:47,22,81,272,222,55.1
157,Fredrik Claesson,claesfr01,29,TBL,D,9,0,0,0,-3,0,-0.2,0,0,0,0,0,0,0,4,0.0,89,9:52,6,12,0,0,
158,Kale Clague,claguka01,23,TOT,D,28,1,6,7,-9,10,0.6,1,0,0,0,3,3,0,20,5.0,490,17:31,19,7,0,0,
159,Kale Clague,claguka01,23,MTL,D,17,1,1,2,-7,8,0.1,1,0,0,0,1,0,0,14,7.1,294,17:18,10,7,0,0,
160,Kale Clague,claguka01,23,LAK,D,11,0,5,5,-2,2,0.5,0,0,0,0,2,3,0,6,0.0,196,17:50,9,0,0,0,
161,Kyle Clifford,cliffky01,31,TOT,LW,12,0,3,3,-5,7,-0.1,0,0,0,0,3,0,0,10,0.0,103,8:34,3,16,1,3,25.0
162,Kyle Clifford,cliffky01,31,TOR,LW,10,0,2,2,-4,7,-0.1,0,0,0,0,2,0,0,5,0.0,80,8:02,3,14,0,3,0.0
163,Kyle Clifford,cliffky01,31,STL,LW,2,0,1,1,-1,0,0.0,0,0,0,0,1,0,0,5,0.0,22,11:13,0,2,1,0,100.0
164,Connor Clifton,cliftco01,26,BOS,D,32,1,1,2,-7,28,0.5,1,0,0,0,1,0,0,36,2.8,517,16:09,32,91,0,0,
165,Cal Clutterbuck,cluttca01,34,NYI,RW,44,5,6,11,-5,10,0.6,4,0,1,1,6,0,0,56,8.9,615,13:58,19,181,10,3,76.9
166,Dylan Coghlan,coghldy01,23,VEG,D,39,3,8,11,-1,14,1.7,1,2,0,1,7,1,0,69,4.3,562,14:25,40,38,0,0,
167,Andrew Cogliano,coglian01,34,SJS,LW,44,4,8,12,-10,8,0.4,3,0,1,0,7,0,1,53,7.5,587,13:21,15,56,5,10,33.3
168,Ian Cole,coleia01,32,CAR,D,45,2,10,12,9,57,2.8,2,0,0,1,10,0,0,49,4.1,767,17:02,55,62,0,0,
169,Blake Coleman,colembl01,30,CGY,C,47,10,10,20,7,44,2.0,10,0,0,1,9,0,1,145,6.9,721,15:21,35,101,2,13,13.3
170,Ross Colton,coltoro01,25,TBL,C,46,9,11,20,0,16,1.8,9,0,0,1,8,3,0,89,10.1,610,13:15,24,88,225,213,51.4
171,Blake Comeau,comeabl01,35,DAL,RW,6,1,0,1,-1,4,0.1,1,0,0,0,0,0,0,2,50.0,69,11:28,3,13,1,0,100.0
172,J.T. Compher,comphj.01,26,COL,LW,37,9,8,17,7,17,1.6,7,1,1,0,6,2,0,56,16.1,616,16:38,34,21,166,166,50.0
173,Max Comtois,comtoma01,23,ANA,LW,30,2,4,6,-6,30,-0.1,2,0,0,0,2,2,0,43,4.7,440,14:40,11,51,14,15,48.3
174,Kevin Connauton,connake01,31,TOT,D,26,0,0,0,1,2,0.2,0,0,0,0,0,0,0,19,0.0,325,12:30,22,47,0,0,
175,Kevin Connauton,connake01,31,FLA,D,13,0,0,0,4,2,0.2,0,0,0,0,0,0,0,14,0.0,156,12:01,9,28,0,0,
176,Kevin Connauton,connake01,31,PHI,D,13,0,0,0,-3,0,-0.1,0,0,0,0,0,0,0,5,0.0,169,12:59,13,19,0,0,
177,Brett Connolly,connobr01,29,CHI,RW,9,0,1,1,-3,15,-0.1,0,0,0,0,1,0,0,6,0.0,76,8:24,3,7,0,0,
178,Kyle Connor,connoky01,25,WPG,LW,49,29,25,54,-3,2,6.4,22,6,1,4,13,12,0,216,13.4,1068,21:48,11,26,0,3,0.0
179,Andrew Copp,coppan01,27,WPG,C,47,12,16,28,2,8,2.5,9,2,1,2,12,3,1,128,9.4,961,20:27,31,33,294,252,53.8
180,Paul Cotter,cottepa01,22,VEG,C,6,2,0,2,1,4,0.3,2,0,0,0,0,0,0,10,20.0,53,8:53,1,15,0,1,0.0
181,Nick Cousins,cousini01,28,NSH,C,42,6,7,13,-6,14,0.8,3,3,0,1,6,1,0,69,8.7,538,12:49,17,41,15,20,42.9
182,Logan Couture,coutulo01,32,SJS,C,44,15,20,35,3,14,4.0,11,2,2,2,14,5,1,108,13.9,834,18:57,32,63,375,374,50.1
183,Sean Couturier,coutuse01,29,PHI,C,29,6,11,17,-6,14,1.2,4,2,0,2,7,3,1,79,7.6,591,20:23,18,22,238,190,55.6
184,Charlie Coyle,coylech01,29,BOS,C,49,11,12,23,-6,16,2.0,9,2,0,3,9,3,0,79,13.9,852,17:24,24,64,297,329,47.4
185,Dylan Cozens,cozendy01,20,BUF,C,47,11,13,24,-14,23,1.9,10,1,0,1,9,3,1,92,12.0,749,15:56,17,23,216,299,41.9
186,Kyle Criscuolo,criscky01,29,DET,C,2,0,1,1,0,0,0.1,0,0,0,0,1,0,0,1,0.0,21,10:22,0,0,1,6,14.3
187,Sidney Crosby,crosbsi01,34,PIT,C,39,14,32,46,9,18,4.9,9,5,0,4,18,14,0,117,12.0,773,19:50,18,32,409,400,50.6
188,Lawson Crouse,crousla01,24,ARI,LW,48,13,10,23,-2,43,2.1,13,0,0,2,7,3,0,103,12.6,847,17:38,27,133,13,27,32.5
189,Austin Czarnik,czarnau01,29,TOT,C,14,2,4,6,6,0,0.8,2,0,0,0,4,0,0,12,16.7,159,11:21,5,3,23,36,39.0
190,Austin Czarnik,czarnau01,29,NYI,C,11,2,3,5,5,0,0.7,2,0,0,0,3,0,0,9,22.2,121,10:57,5,2,23,35,39.7
191,Austin Czarnik,czarnau01,29,SEA,C,3,0,1,1,1,0,0.1,0,0,0,0,1,0,0,3,0.0,38,12:49,0,1,0,1,0.0
192,Kirby Dach,dachki01,21,CHI,C,48,7,13,20,-4,33,1.3,5,2,0,0,9,3,1,82,8.5,912,19:00,30,32,151,304,33.2
193,Evgenii Dadonov,dadonev01,32,VEG,RW,48,10,11,21,1,12,1.8,8,2,0,2,9,2,0,122,8.2,772,16:06,19,43,0,2,0.0
194,Jonathan Dahlen,dahlejo01,24,SJS,C,43,11,9,20,-12,6,1.8,8,3,0,2,6,3,0,87,12.6,639,14:52,19,11,0,0,
195,Rasmus Dahlin,dahlira01,21,BUF,D,49,8,25,33,-13,40,4.4,6,2,0,1,14,11,0,105,7.6,1163,23:44,56,66,0,0,
196,Carl Dahlstrom,dahlsca01,27,TOR,D,1,0,0,0,1,2,0.1,0,0,0,0,0,0,0,0,,13,12:30,1,0,0,0,
197,Michael Dal Colle,dalcomi01,25,NYI,LW,1,0,0,0,1,0,0.0,0,0,0,0,0,0,0,2,0.0,15,14:34,0,0,0,0,
198,Zac Dalpe,dalpeza01,32,FLA,RW,1,0,0,0,-1,0,-0.1,0,0,0,0,0,0,0,0,,6,6:08,1,2,1,3,25.0
199,Riley Damiani,damiari01,21,DAL,C,7,1,1,2,0,2,0.2,1,0,0,0,1,0,0,10,10.0,60,8:32,0,4,7,7,50.0
200,Phillip Danault,danauph01,28,LAK,C,48,14,14,28,14,30,3.4,14,0,0,3,13,1,0,112,12.5,861,17:56,25,45,410,341,54.6
201,Justin Danforth,danfoju01,28,CBJ,RW,13,2,2,4,-1,0,0.3,2,0,0,0,2,0,0,21,9.5,141,10:51,4,30,19,12,61.3
202,Laurent Dauphin,dauphla01,26,MTL,C,17,2,4,6,-8,17,0.1,2,0,0,0,4,0,0,23,8.7,248,14:36,14,15,41,47,46.6
203,Jeremy Davies,davieje01,25,NSH,D,1,0,0,0,-2,2,-0.1,0,0,0,0,0,0,0,3,0.0,13,12:30,0,0,0,0,
204,Sean Day,dayse01,24,TBL,D,2,0,0,0,-2,0,-0.1,0,0,0,0,0,0,0,2,0.0,21,10:43,2,4,0,0,
205,Calvin de Haan,dehaaca01,30,CHI,D,47,1,4,5,-14,14,0.9,1,0,0,0,4,0,0,71,1.4,907,19:18,124,90,0,0,
206,Chase De Leo,deleoch01,26,NJD,C,2,0,0,0,-1,0,-0.1,0,0,0,0,0,0,0,2,0.0,16,8:09,0,5,0,2,0.0
207,Anthony DeAngelo,deangan01,26,CAR,D,41,9,30,39,18,44,6.8,8,1,0,2,16,14,0,90,10.0,811,19:47,39,24,0,0,
208,Alex DeBrincat,debrial01,24,CHI,RW,51,29,12,41,-13,13,5.0,18,11,0,4,5,7,0,162,17.9,1039,20:22,23,63,12,24,33.3
209,Jake DeBrusk,debruja01,25,BOS,LW,44,8,8,16,-7,6,1.3,6,2,0,3,7,1,0,96,8.3,625,14:12,13,25,6,6,50.0
210,Danny DeKeyser,dekeyda01,31,DET,D,40,0,4,4,-7,12,0.5,0,0,0,0,4,0,0,49,0.0,745,18:37,73,27,0,0,
211,Michael Del Zotto,delzomi01,31,OTT,D,10,2,4,6,-9,4,0.3,1,1,0,0,3,1,0,15,13.3,173,17:16,12,24,0,0,
212,Ty Dellandrea,dellaty01,21,DAL,C,1,0,0,0,-1,0,-0.1,0,0,0,0,0,0,0,1,0.0,11,10:37,0,3,1,2,33.3
213,Dylan DeMelo,demeldy01,28,WPG,D,43,1,5,6,1,16,1.4,0,0,1,0,4,0,1,41,2.4,717,16:41,57,59,0,0,
214,Grigori Denisenko,denisgr01,21,FLA,LW,1,0,0,0,0,2,0.0,0,0,0,0,0,0,0,3,0.0,16,15:30,2,1,0,0,
215,Travis Dermott,dermotr01,25,TOR,D,34,1,3,4,7,10,1.4,1,0,0,1,3,0,0,27,3.7,485,14:17,22,39,0,0,
216,Nicolas Deslauriers,deslani01,30,ANA,LW,49,4,4,8,-5,66,0.1,3,0,1,0,4,0,0,60,6.7,580,11:50,30,177,1,3,25.0
217,Connor Dewar,dewarco01,22,MIN,C,19,1,3,4,-3,23,0.0,1,0,0,1,2,1,0,26,3.8,182,9:34,17,19,28,34,45.2
218,Jason Dickinson,dickija01,26,VAN,C,47,3,3,6,-4,17,-0.2,3,0,0,0,3,0,0,52,5.8,620,13:11,35,86,116,153,43.1
219,Brenden Dillon,dillobr01,31,WPG,D,46,1,13,14,14,44,3.3,1,0,0,0,13,0,0,64,1.6,893,19:24,60,124,0,0,
220,Cam Dineen,dineeca01,23,ARI,D,14,0,4,4,-5,0,0.2,0,0,0,0,4,0,0,18,0.0,200,14:18,17,5,0,0,
221,Noah Dobson,dobsono01,22,NYI,D,42,8,14,22,0,10,4.4,6,2,0,2,8,6,0,106,7.5,887,21:07,90,47,0,0,
222,Max Domi,domima01,26,CBJ,LW,38,9,14,23,0,24,2.3,9,0,0,0,13,1,0,61,14.8,511,13:27,7,9,9,9,50.0
223,Ryan Donato,donatry01,25,SEA,C,46,11,7,18,-14,28,1.5,10,1,0,1,7,0,0,109,10.1,630,13:42,10,43,6,11,35.3
224,Joonas Donskoi,donskjo01,29,SEA,RW,50,1,14,15,-6,4,0.3,1,0,0,0,11,3,0,62,1.6,788,15:45,23,28,3,8,27.3
225,Pavel Dorofeyev,dorofpa01,21,VEG,LW,1,0,0,0,0,0,0.0,0,0,0,0,0,0,0,0,,4,4:07,0,0,0,0,
226,Drew Doughty,doughdr01,32,LAK,D,31,7,22,29,7,18,4.8,3,4,0,1,14,8,0,84,8.3,797,25:43,44,46,0,0,
227,Nic Dowd,dowdni01,31,WSH,C,39,7,8,15,6,26,1.4,6,0,1,0,8,0,0,57,12.3,573,14:42,33,84,331,276,54.5
228,Justin Dowling,dowliju01,31,VAN,C,22,2,2,4,-3,2,0.2,2,0,0,0,2,0,0,17,11.8,211,9:36,9,10,21,19,52.5
229,Leon Draisaitl,draisle01,26,EDM,C,49,35,34,69,9,26,8.6,20,14,1,9,22,12,0,171,20.5,1117,22:48,10,31,523,448,53.9
230,Sheldon Dries,driessh01,27,VAN,C,2,0,0,0,0,0,0.0,0,0,0,0,0,0,0,1,0.0,19,9:35,1,1,4,8,33.3
231,Jonathan Drouin,drouijo01,26,MTL,LW,32,6,14,20,-9,23,1.5,6,0,0,0,10,4,0,60,10.0,553,17:17,11,24,30,33,47.6
232,Jack Drury,druryja01,21,CAR,C,2,2,0,2,3,2,0.5,2,0,0,0,0,0,0,6,33.3,32,15:58,2,4,12,3,80.0
233,Jamie Drysdale,drysdja01,19,ANA,D,52,3,19,22,-10,12,2.9,3,0,0,1,10,9,0,78,3.8,1032,19:51,51,22,0,0,
234,Dillon Dube,dubedi01,23,CGY,C,48,6,8,14,-8,16,0.7,5,0,1,0,6,1,1,82,7.3,612,12:45,8,46,60,73,45.1
235,Pierre-Luc Dubois,duboipi01,23,WPG,LW,48,21,15,36,4,56,4.3,11,10,0,3,13,2,0,135,15.6,908,18:56,26,70,299,354,45.8
236,Matt Duchene,duchema01,31,NSH,C,46,23,21,44,2,16,5.2,13,10,0,5,15,6,0,134,17.2,875,19:01,17,14,90,76,54.2
237,Anthony Duclair,duclaan01,26,FLA,LW,41,20,17,37,25,10,5.1,17,3,0,4,12,5,0,87,23.0,625,15:15,13,21,0,1,0.0
238,Walker Duehr,duehrwa01,24,CGY,F,1,0,0,0,0,0,0.0,0,0,0,0,0,0,0,0,,9,8:47,0,0,0,0,
239,Brandon Duhaime,duhaibr01,24,MIN,RW,44,5,8,13,-3,63,0.6,5,0,0,1,8,0,0,59,8.5,475,10:48,12,107,3,10,23.1
240,Mathew Dumba,dumbama01,27,MIN,D,40,4,16,20,9,34,2.9,4,0,0,1,12,4,0,87,4.6,945,23:37,58,82,0,0,
241,Brian Dumoulin,dumoubr01,30,PIT,D,46,3,11,14,13,12,3.6,3,0,0,0,11,0,0,54,5.6,1017,22:07,93,52,0,0,
242,Vince Dunn,dunnvi02,25,SEA,D,46,7,13,20,-17,40,2.5,5,2,0,0,9,4,0,73,9.6,923,20:04,45,47,0,0,
243,Sean Durzi,durzise01,23,LAK,D,32,2,12,14,-2,19,1.9,1,1,0,0,7,5,0,47,4.3,564,17:37,45,35,0,0,
244,Christian Dvorak,dvorach01,25,MTL,C,34,7,9,16,-17,20,0.8,6,1,0,1,6,3,0,54,13.0,602,17:42,39,23,336,266,55.8
245,Ryan Dzingel,dzingry01,29,ARI,C,26,4,3,7,-3,35,0.4,4,0,0,1,3,0,0,23,17.4,341,13:07,6,15,65,86,43.0
246,Cody Eakin,eakinco01,30,BUF,C,45,3,7,10,-10,18,0.0,2,1,0,1,5,1,1,60,5.0,607,13:29,23,26,293,229,56.1
247,Jordan Eberle,eberljo01,31,SEA,RW,49,14,15,29,-23,8,2.2,11,3,0,2,11,4,0,110,12.7,895,18:15,29,30,5,9,35.7
248,Alexander Edler,edleral01,35,LAK,D,26,1,10,11,8,22,2.2,1,0,0,0,10,0,0,39,2.6,479,18:26,42,43,0,0,
249,Nikolaj Ehlers,ehlerni01,25,WPG,LW,34,13,12,25,8,14,3.0,13,0,0,1,9,3,0,134,9.7,632,18:35,14,17,1,1,50.0
250,Jack Eichel,eicheja01,25,VEG,C,2,0,1,1,-1,4,0.0,0,0,0,0,1,0,0,2,0.0,34,16:56,1,2,11,15,42.3
251,Aaron Ekblad,ekblaaa01,25,FLA,D,48,12,33,45,35,22,7.6,9,3,0,2,17,13,3,146,8.2,1213,25:17,52,46,0,0,
252,Mattias Ekholm,ekholma01,31,NSH,D,46,3,12,15,7,22,3.3,3,0,0,1,10,2,0,74,4.1,1079,23:28,53,37,0,0,
253,William Eklund,eklunwi01,19,SJS,LW,9,0,4,4,-3,2,0.1,0,0,0,0,1,3,0,8,0.0,129,14:20,4,4,3,5,37.5
254,Oliver Ekman-Larsson,ekmanol01,30,VAN,D,48,4,11,15,-1,36,3.0,2,2,0,0,8,3,0,116,3.4,1094,22:47,46,65,0,0,
255,Remi Elie,eliere01,26,TBL,LW,1,0,0,0,-2,0,-0.1,0,0,0,0,0,0,0,2,0.0,11,10:57,0,3,0,0,
256,Lars Eller,ellerla01,32,WSH,C,45,8,14,22,1,20,1.7,8,0,0,0,12,2,0,69,11.6,757,16:49,23,52,327,341,49.0
257,Ryan Ellis,ellisry01,31,PHI,D,4,1,4,5,2,0,0.8,1,0,0,0,2,2,0,6,16.7,91,22:48,6,1,0,0,
258,Pierre Engvall,engvapi01,25,TOR,LW,45,7,10,17,1,14,1.4,6,1,0,1,8,2,0,91,7.7,572,12:43,5,32,20,31,39.2
259,Tyler Ennis,ennisty01,32,OTT,C,43,5,14,19,-6,14,1.4,4,1,0,1,11,3,0,75,6.7,543,12:37,17,60,16,4,80.0
260,Mackenzie Entwistle,entwima01,22,CHI,RW,35,5,5,10,-7,17,0.7,4,0,1,0,5,0,0,25,20.0,370,10:35,11,73,17,21,44.7
261,Loui Eriksson,erikslo01,36,ARI,LW,40,1,10,11,-12,6,-0.1,0,0,1,0,9,1,0,49,2.0,500,12:30,7,5,9,4,69.2
262,Joel Eriksson Ek,eriksjo02,25,MIN,C,41,15,12,27,10,20,2.9,6,9,0,2,11,1,0,125,12.0,759,18:31,25,74,371,410,47.5
263,Adam Erne,ernead01,26,DET,LW,50,4,7,11,-21,24,-0.4,4,0,0,1,7,0,0,65,6.2,694,13:52,35,97,30,27,52.6
264,Jake Evans,evansja02,25,MTL,C,41,6,7,13,-15,14,0.4,6,0,0,0,6,0,1,77,7.8,655,15:58,19,63,263,271,49.3
265,Robby Fabbri,fabbrro01,26,DET,C,49,13,13,26,-16,31,1.9,9,4,0,1,11,2,0,111,11.7,858,17:31,18,78,51,53,49.0
266,Dante Fabbro,fabbrda01,23,NSH,D,40,1,11,12,7,22,2.5,1,0,0,0,11,0,0,55,1.8,757,18:55,51,36,0,0,
267,Samuel Fagemo,fagemsa01,21,LAK,LW,4,0,0,0,-2,0,-0.2,0,0,0,0,0,0,0,5,0.0,55,13:43,3,2,0,0,
268,Radek Faksa,faksara01,28,DAL,C,43,2,9,11,-14,27,-0.2,1,1,0,0,9,0,0,45,4.4,683,15:53,39,72,208,191,52.1
269,Joel Farabee,farabjo01,21,PHI,LW,33,11,7,18,1,17,2.1,9,1,1,0,7,0,0,58,19.0,568,17:12,18,47,4,14,22.2
270,Hudson Fasching,faschhu01,26,ARI,RW,7,0,0,0,-1,0,-0.1,0,0,0,0,0,0,0,1,0.0,61,8:39,0,10,1,0,100.0
271,Jesper Fast,fastje01,30,CAR,RW,48,9,8,17,9,2,1.7,8,1,0,1,7,1,0,60,15.0,701,14:37,28,65,2,10,16.7
272,Justin Faulk,faulkju01,29,STL,D,43,7,17,24,31,29,5.9,6,1,0,3,14,3,0,92,7.6,981,22:50,51,90,0,0,
273,Martin Fehervary,feherma01,22,WSH,D,49,3,6,9,19,14,3.1,2,0,1,0,6,0,0,56,5.4,956,19:30,76,139,0,0,
274,Mario Ferraro,ferrama01,23,SJS,D,44,2,9,11,-3,8,2.5,2,0,0,1,9,0,0,37,5.4,1033,23:28,118,93,0,0,
275,Kevin Fiala,fialake01,25,MIN,LW,46,14,23,37,5,26,3.5,12,2,0,1,17,6,0,142,9.9,801,17:24,12,26,3,8,27.3
276,Christian Fischer,fischch01,24,ARI,RW,41,3,5,8,-13,10,-0.3,2,1,0,0,5,0,0,52,5.8,536,13:04,19,58,42,71,37.2
277,Casey Fitzgerald,fitzgca01,24,BUF,D,12,0,3,3,-2,15,0.4,0,0,0,0,3,0,0,18,0.0,211,17:33,17,30,0,0,
278,Trey Fix-Wolansky,fixwotr01,22,CBJ,RW,5,1,1,2,-1,0,0.2,1,0,0,0,1,0,0,4,25.0,33,6:39,3,5,0,0,
279,Cale Fleury,fleurca01,23,SEA,D,2,0,0,0,-1,0,0.0,0,0,0,0,0,0,0,2,0.0,26,12:59,4,3,0,0,
280,Haydn Fleury,fleurha01,25,SEA,D,29,2,1,3,-2,6,0.9,2,0,0,1,1,0,0,40,5.0,484,16:42,53,52,0,0,
281,Warren Foegele,foegewa01,25,EDM,LW,49,7,12,19,-11,14,1.0,5,2,0,2,12,0,0,93,7.5,656,13:23,12,77,10,13,43.5
282,Steven Fogarty,fogarst01,28,BOS,C,2,0,0,0,-2,2,-0.1,0,0,0,0,0,0,0,2,0.0,21,10:24,0,0,7,10,41.2
283,Marcus Foligno,foligma01,30,MIN,LW,42,17,10,27,20,87,3.6,13,4,0,3,9,1,0,62,27.4,702,16:43,22,126,6,5,54.5
284,Nick Foligno,foligni01,34,BOS,LW,32,1,6,7,-10,35,-0.2,1,0,0,0,5,1,0,49,2.0,446,13:56,15,89,15,11,57.7
285,Callan Foote,footeca01,23,TBL,D,35,0,4,4,1,15,0.8,0,0,0,0,4,0,0,32,0.0,483,13:49,40,58,0,0,
286,Nolan Foote,footeno01,21,NJD,LW,2,0,0,0,0,0,0.0,0,0,0,0,0,0,0,1,0.0,15,7:32,0,1,0,0,
287,Derek Forbort,forbode01,29,BOS,D,45,4,5,9,-7,20,1.9,4,0,0,1,5,0,0,37,10.8,829,18:25,53,74,0,0,
288,Alex Formenton,formeal01,22,OTT,LW,45,11,11,22,-5,29,2.2,8,0,3,1,11,0,0,99,11.1,671,14:55,14,60,1,2,33.3
289,Filip Forsberg,forsbfi01,27,NSH,C,37,25,16,41,6,14,5.6,21,4,0,6,10,6,0,111,22.5,672,18:10,25,47,1,0,100.0
290,Gustav Forsling,forslgu02,25,FLA,D,40,2,19,21,24,12,3.6,2,0,0,0,19,0,0,72,2.8,852,21:18,45,30,0,0,
291,Gabriel Fortier,fortiga01,21,TBL,LW,10,1,0,1,-2,4,0.0,1,0,0,0,0,0,0,14,7.1,93,9:17,5,24,1,0,100.0
292,Liam Foudy,foudyli01,21,CBJ,C,1,0,0,0,-1,0,-0.1,0,0,0,0,0,0,0,1,0.0,12,11:51,0,1,0,0,
293,Cam Fowler,fowleca01,30,ANA,D,48,6,19,25,-5,10,4.0,1,5,0,0,10,9,0,79,7.6,1149,23:56,72,24,0,0,
294,Adam Fox,foxad01,23,NYR,D,46,7,41,48,10,14,7.6,6,0,1,1,18,22,1,84,8.3,1125,24:27,94,22,0,0,
295,Trent Frederic,fredetr01,23,BOS,C,29,3,3,6,3,31,0.6,3,0,0,1,3,0,0,40,7.5,310,10:41,7,55,32,48,40.0
296,Mark Friedman,friedma01,26,PIT,D,12,0,4,4,2,8,0.7,0,0,0,0,4,0,0,11,0.0,163,13:33,13,19,0,0,
297,Martin Frk,frkma01,28,LAK,RW,2,1,0,1,-1,0,0.1,0,1,0,0,0,0,0,7,14.3,37,18:19,0,7,0,0,
298,Jesper Froden,frodeje01,27,BOS,F,1,0,0,0,0,0,0.0,0,0,0,0,0,0,0,2,0.0,13,12:59,1,3,0,0,
299,Morgan Frost,frostmo01,22,PHI,C,28,2,5,7,-9,12,0.0,2,0,0,0,5,0,0,36,5.6,364,13:00,9,24,86,96,47.3
300,Kurtis Gabriel,gabriku01,28,CHI,RW,2,0,0,0,0,0,0.0,0,0,0,0,0,0,0,0,,12,6:02,0,7,0,0,
301,Jonah Gadjovich,gadjojo01,23,SJS,LW,27,0,2,2,-9,50,-0.4,0,0,0,0,2,0,0,18,0.0,233,8:38,7,65,1,2,33.3
302,Sam Gagner,gagnesa01,32,DET,C,51,5,13,18,-3,24,1.1,5,0,0,0,12,1,0,81,6.2,675,13:14,19,13,100,95,51.3
303,Alex Galchenyuk,galchal01,27,ARI,C,29,4,7,11,0,14,0.9,4,0,0,0,6,1,0,46,8.7,382,13:10,8,25,98,84,53.8
304,Brendan Gallagher,gallabr01,29,MTL,RW,31,4,6,10,-11,30,0.3,1,3,0,0,6,0,0,77,5.2,471,15:12,15,36,9,18,33.3
305,Jakub Galvas,galvaja01,22,CHI,D,5,0,0,0,0,0,0.1,0,0,0,0,0,0,0,5,0.0,92,18:25,5,1,0,0,
306,Dylan Gambrell,gambrdy01,25,OTT,C,32,1,3,4,-2,8,-0.1,0,0,1,0,3,0,0,31,3.2,389,12:09,23,57,151,165,47.8
307,Rhett Gardner,gardnrh01,25,DAL,C,4,0,0,0,-1,0,-0.1,0,0,0,0,0,0,0,0,,32,8:06,1,5,5,6,45.5
308,Conor Garland,garlaco01,25,VAN,RW,46,13,16,29,11,28,3.4,12,1,0,3,15,1,0,128,10.2,748,16:15,13,37,3,4,42.9
309,Adam Gaudette,gaudead01,25,TOT,C,28,5,6,11,-4,13,1.0,3,2,0,1,6,0,0,46,10.9,320,11:26,8,36,25,35,41.7
310,Adam Gaudette,gaudead01,25,OTT,C,20,4,5,9,-1,9,0.9,3,1,0,1,5,0,0,36,11.1,236,11:48,7,27,23,32,41.8
311,Adam Gaudette,gaudead01,25,CHI,C,8,1,1,2,-3,4,0.1,0,1,0,0,1,0,0,10,10.0,84,10:31,1,9,2,3,40.0
312,Frederick Gaudreau,gaudrfr01,28,MIN,C,40,5,14,19,1,6,1.0,4,1,0,3,12,1,1,64,7.8,655,16:22,28,23,214,207,50.8
313,Johnny Gaudreau,gaudrjo01,28,CGY,LW,48,20,43,63,40,10,8.3,18,2,0,5,34,9,0,164,12.2,892,18:35,5,5,1,0,100.0
314,Brendan Gaunce,gauncbr01,27,CBJ,C,5,1,0,1,-3,2,0.0,1,0,0,0,0,0,0,5,20.0,36,7:13,0,7,3,2,60.0
315,Frederik Gauthier,gauthfr01,26,NJD,C,8,0,0,0,-1,0,-0.2,0,0,0,0,0,0,0,4,0.0,89,11:06,3,16,33,42,44.0
316,Julien Gauthier,gauthju01,24,NYR,RW,36,3,3,6,-2,2,0.3,3,0,0,1,3,0,0,55,5.5,376,10:27,11,70,1,2,33.3
317,Vladislav Gavrikov,gavrivl01,26,CBJ,D,46,2,19,21,8,24,3.4,2,0,0,1,19,0,0,52,3.8,995,21:38,74,77,0,0,
318,Glenn Gawdin,gawdigl01,24,CGY,C,2,0,0,0,0,2,0.0,0,0,0,0,0,0,0,3,0.0,18,9:15,1,1,3,8,27.3
319,Morgan Geekie,geekimo01,23,SEA,C,44,3,9,12,-11,12,0.3,3,0,0,0,6,3,0,61,4.9,547,12:26,12,26,195,175,52.7
320,Mason Geertsen,geertma01,26,NJD,D,16,0,0,0,-2,55,0.0,0,0,0,0,0,0,0,6,0.0,120,7:30,6,44,0,0,
321,Timothy Gettinger,gettiti01,23,NYR,LW,5,0,0,0,1,0,0.0,0,0,0,0,0,0,0,2,0.0,48,9:35,4,13,0,0,
322,Ryan Getzlaf,getzlry01,36,ANA,C,42,3,24,27,-10,21,1.4,1,2,0,1,18,6,0,83,3.6,795,18:56,43,71,430,365,54.1
323,Mark Giordano,giordma01,38,SEA,D,45,4,17,21,-17,35,2.3,4,0,0,0,9,8,0,98,4.1,969,21:32,85,36,0,0,
324,Samuel Girard,girarsa01,23,COL,D,47,5,21,26,5,18,3.4,5,0,0,1,14,7,0,61,8.2,1027,21:51,70,37,0,0,
325,Zemgus Girgensons,girgeze01,28,BUF,C,34,7,5,12,-6,25,0.9,4,3,0,1,4,1,0,61,11.5,519,15:16,13,49,109,113,49.1
326,Claude Giroux,giroucl01,34,PHI,C,46,16,22,38,-7,16,3.8,13,3,0,0,14,8,0,124,12.9,882,19:10,10,34,466,290,61.6
327,Cody Glass,glassco01,22,NSH,C,4,0,0,0,0,0,-0.1,0,0,0,0,0,0,0,5,0.0,49,12:19,3,2,7,19,26.9
328,Luke Glendening,glendlu01,32,DAL,C,48,7,3,10,-10,13,0.3,7,0,0,1,3,0,0,64,10.9,656,13:40,32,93,247,179,58.0
329,Alex Goligoski,goligal01,36,MIN,D,41,2,23,25,24,26,4.4,2,0,0,0,20,3,0,47,4.3,795,19:24,54,37,0,0,
330,Barclay Goodrow,goodrba01,28,NYR,RW,46,10,11,21,8,33,2.2,9,0,1,2,10,0,1,66,15.2,781,16:58,34,84,231,234,49.7
331,Shayne Gostisbehere,gostish01,28,ARI,D,49,8,21,29,-10,16,4.1,7,1,0,0,14,7,0,93,8.6,1077,21:59,68,26,0,0,
332,Yanni Gourde,gourdya01,30,SEA,C,43,10,18,28,-8,28,2.4,8,2,0,0,14,3,1,71,14.1,809,18:48,17,56,257,264,49.3
333,Mikael Granlund,granlmi01,29,NSH,C,48,7,32,39,7,21,3.1,6,1,0,1,19,13,0,74,9.5,1004,20:54,23,37,359,393,47.7
334,Derek Grant,grantde01,31,ANA,C,44,7,6,13,-10,23,0.7,4,2,1,1,5,0,1,71,9.9,621,14:07,29,39,114,113,50.2
335,Ryan Graves,gravery01,26,NJD,D,45,3,16,19,-3,18,2.9,3,0,0,0,16,0,0,76,3.9,947,21:03,89,53,0,0,
336,Anthony Greco,grecoan01,28,NYR,RW,1,0,0,0,0,0,0.0,0,0,0,0,0,0,0,5,0.0,10,9:44,1,1,0,0,
337,Andy Greene,greenan01,39,NYI,D,38,1,5,6,-7,2,1.2,1,0,0,0,5,0,0,24,4.2,671,17:39,64,19,0,0,
338,Jordan Greenway,greenjo02,24,MIN,LW,39,4,10,14,15,41,1.1,3,1,0,2,10,0,0,54,7.4,563,14:25,20,102,14,26,35.0
339,A.J. Greer,greeraj01,25,NJD,LW,2,0,0,0,1,0,0.0,0,0,0,0,0,0,0,2,0.0,17,8:32,0,3,0,1,0.0
340,Noah Gregor,gregono01,23,SJS,C,32,2,7,9,-9,10,0.1,2,0,0,0,5,2,0,80,2.5,487,15:13,30,62,7,17,29.2
341,Seth Griffith,griffse01,29,EDM,C,1,0,0,0,1,0,0.0,0,0,0,0,0,0,0,0,,6,5:37,0,1,0,0,
342,Rocco Grimaldi,grimaro01,28,NSH,C,7,0,0,0,0,2,-0.1,0,0,0,0,0,0,0,8,0.0,77,10:56,0,5,6,3,66.7
343,Jordan Gross,grossjo01,26,COL,D,1,0,0,0,0,4,0.0,0,0,0,0,0,0,0,0,,8,8:19,0,1,0,0,
344,Benoit-Olivier Groulx,groulbe01,21,ANA,C,18,1,2,3,0,2,0.1,1,0,0,0,2,0,0,17,5.9,198,11:00,6,19,38,45,45.8
345,Carl Grundstrom,grundca01,24,LAK,RW,29,6,3,9,3,12,1.1,6,0,0,1,3,0,0,51,11.8,324,11:10,9,61,3,4,42.9
346,Matt Grzelcyk,grzelma01,28,BOS,D,44,2,14,16,6,14,3.4,2,0,0,1,9,5,0,80,2.5,834,18:57,55,20,0,0,
347,Radko Gudas,gudasra01,31,FLA,D,47,0,11,11,24,59,2.4,0,0,0,0,11,0,0,68,0.0,878,18:41,67,208,0,0,
348,Erik Gudbranson,gudbrer01,30,CGY,D,48,3,8,11,6,49,2.5,3,0,0,0,8,0,0,86,3.5,864,18:00,59,73,0,0,
349,Jake Guentzel,guentja01,27,PIT,C,45,25,26,51,7,30,6.2,19,6,0,5,17,9,0,161,15.5,884,19:38,24,44,11,10,52.4
350,Brendan Guhle,guhlebr01,24,ANA,D,2,0,0,0,0,0,0.0,0,0,0,0,0,0,0,3,0.0,27,13:42,1,4,0,0,
351,Denis Gurianov,guriade01,24,DAL,RW,44,6,15,21,1,12,1.8,3,3,0,1,12,3,0,101,5.9,638,14:30,23,41,0,0,
352,David Gustafsson,gustada01,21,WPG,C,2,0,0,0,0,0,0.0,0,0,0,0,0,0,0,0,,5,2:28,0,0,0,4,0.0
353,Erik Gustafsson,gustaer02,29,CHI,D,42,2,12,14,2,10,2.7,2,0,0,0,9,3,0,53,3.8,685,16:18,40,31,0,0,
354,Brandon Hagel,hagelbr01,23,CHI,LW,45,14,13,27,-10,17,2.6,12,2,0,3,11,2,0,74,18.9,779,17:19,19,32,12,17,41.4
355,Carl Hagelin,hagelca01,33,WSH,LW,50,3,11,14,10,20,0.8,3,0,0,1,10,0,1,68,4.4,713,14:16,11,28,4,9,30.8
356,Robert Hagg,haggro01,26,BUF,D,38,1,5,6,-11,23,0.6,1,0,0,0,5,0,0,34,2.9,657,17:18,73,73,0,0,
357,Nicolas Hague,hagueni01,23,VEG,D,40,4,10,14,10,34,3.0,4,0,0,0,10,0,0,80,5.0,726,18:09,61,41,0,0,
358,Libor Hajek,hajekli01,23,NYR,D,14,0,1,1,-6,8,-0.1,0,0,0,0,1,0,0,11,0.0,189,13:29,24,7,0,0,
359,Jani Hakanpaa,hakanja01,29,DAL,D,47,2,6,8,5,39,2.3,2,0,0,0,6,0,0,37,5.4,715,15:13,59,127,0,0,
360,Jayden Halbgewachs,halbgja01,24,SJS,F,3,0,1,1,1,4,0.1,0,0,0,0,1,0,0,7,0.0,39,13:06,0,3,0,0,
361,Taylor Hall,hallta02,30,BOS,LW,49,11,22,33,-2,22,3.2,7,4,0,1,17,5,0,128,8.6,799,16:18,26,32,9,7,56.3
362,Dougie Hamilton,hamildo01,28,NJD,D,30,7,13,20,-9,22,2.6,5,2,0,0,8,5,0,108,6.5,642,21:25,47,38,0,0,
363,Travis Hamonic,hamontr01,31,VAN,D,12,0,1,1,-2,2,0.2,0,0,0,0,1,0,0,21,0.0,224,18:41,33,18,0,0,
364,Noah Hanifin,hanifno01,25,CGY,D,47,5,18,23,10,11,4.3,5,0,0,0,10,8,0,97,5.2,983,20:55,48,28,0,0,
365,Joel Hanley,hanlejo01,30,DAL,D,22,1,1,2,-4,2,0.3,1,0,0,0,1,0,0,6,16.7,235,10:41,25,26,0,0,
366,Mike Hardman,hardmmi01,22,CHI,RW,21,0,2,2,-6,11,-0.3,0,0,0,0,2,0,0,12,0.0,195,9:18,12,60,1,1,50.0
367,Jansen Harkins,harkija01,24,WPG,C,48,5,3,8,-3,11,0.4,5,0,0,0,3,0,0,48,10.4,482,10:03,10,34,11,9,55.0
368,Thomas Harley,harleth01,20,DAL,D,11,0,0,0,-1,2,0.1,0,0,0,0,0,0,0,9,0.0,142,12:53,9,9,0,0,
369,Ben Harpur,harpube01,27,NSH,D,10,0,1,1,-8,20,-0.4,0,0,0,0,1,0,0,6,0.0,138,13:47,12,17,0,0,
370,Scott Harrington,harrisc01,28,CBJ,D,7,0,1,1,-4,6,-0.2,0,0,0,0,1,0,0,5,0.0,101,14:28,9,8,0,0,
371,Ryan Hartman,hartmry01,27,MIN,RW,46,19,16,35,30,52,4.6,18,1,0,5,14,2,0,143,13.3,859,18:40,29,42,278,328,45.9
372,Rafaël Harvey-Pinard,harvera01,23,MTL,LW,3,1,0,1,-2,0,0.1,1,0,0,0,0,0,0,4,25.0,41,13:36,3,9,0,1,0.0
373,Santeri Hatakka,hataksa01,21,SJS,D,7,0,1,1,-3,2,0.0,0,0,0,0,1,0,0,2,0.0,92,13:07,5,4,0,0,
374,Garnet Hathaway,hathaga01,30,WSH,RW,47,10,9,19,15,35,2.3,10,0,0,3,8,0,1,89,11.2,656,13:58,35,162,8,12,40.0
375,Erik Haula,haulaer01,30,BOS,LW,46,5,12,17,-2,25,1.2,5,0,0,1,10,2,0,81,6.2,681,14:48,23,89,217,210,50.8
376,John Hayden,haydejo01,26,BUF,C,42,1,2,3,-7,57,-0.6,1,0,0,0,2,0,0,51,2.0,472,11:14,21,78,2,5,28.6
377,Kevin Hayes,hayeske01,29,PHI,RW,20,3,6,9,-12,14,0.3,2,1,0,0,4,1,1,41,7.3,317,15:51,7,9,88,126,41.1
378,Barrett Hayton,haytoba01,21,ARI,C,27,2,4,6,-7,10,-0.2,1,1,0,1,2,2,0,28,7.1,444,16:27,16,36,214,214,50.0
379,Dillon Heatherington,heathdi01,26,OTT,D,9,0,0,0,-1,7,0.1,0,0,0,0,0,0,0,4,0.0,111,12:20,2,18,0,0,
380,Victor Hedman,hedmavi01,31,TBL,D,49,11,39,50,19,20,8.2,9,2,0,4,23,16,0,122,9.0,1245,25:25,69,58,0,0,
381,Danton Heinen,heineda01,26,PIT,C,45,11,10,21,9,10,2.5,9,2,0,1,10,0,0,82,13.4,601,13:21,19,40,0,3,0.0
382,Ville Heinola,heinovi01,20,WPG,D,8,0,2,2,-4,6,0.0,0,0,0,0,2,0,0,19,0.0,107,13:23,4,5,0,0,
383,Miro Heiskanen,heiskmi01,22,DAL,D,47,4,23,27,-3,20,4.3,2,2,0,1,17,6,0,101,4.0,1166,24:49,64,37,0,0,
384,Darren Helm,helmda01,35,COL,C,37,4,2,6,-3,6,0.1,3,0,1,0,1,0,1,51,7.8,393,10:37,12,58,22,28,44.0
385,Adam Henrique,henriad01,31,ANA,C,31,9,11,20,0,6,2.1,5,4,0,0,8,3,0,81,11.1,518,16:43,24,12,86,61,58.5
386,Aleksi Heponiemi,heponal01,23,FLA,C,4,0,0,0,-4,0,-0.3,0,0,0,0,0,0,0,5,0.0,51,12:40,1,0,2,3,40.0
387,Tomas Hertl,hertlto01,28,SJS,C,48,22,18,40,-3,14,4.8,19,3,0,4,12,6,0,131,16.8,937,19:32,26,55,440,378,53.8
388,Thomas Hickey,hicketh01,32,NYI,D,2,0,0,0,-3,0,-0.2,0,0,0,0,0,0,0,0,,39,19:29,3,2,0,0,
389,Matthew Highmore,highmma01,25,VAN,LW,24,2,4,6,2,6,0.4,2,0,0,0,4,0,0,30,6.7,316,13:10,22,25,0,1,0.0
390,Cameron Hillis,hillica01,21,MTL,C,1,0,0,0,0,0,0.0,0,0,0,0,0,0,0,2,0.0,10,10:15,0,0,2,2,50.0
391,Vinnie Hinostroza,hinosvi01,27,BUF,C,36,8,9,17,-4,8,1.6,7,1,0,0,9,0,0,54,14.8,508,14:06,7,11,7,10,41.2
392,Roope Hintz,hintzro01,25,DAL,LW,46,21,20,41,17,14,5.6,14,5,2,5,9,11,0,131,16.0,810,17:37,26,41,189,185,50.5
393,Taro Hirose,hirosta01,25,DET,LW,1,0,0,0,0,2,0.0,0,0,0,0,0,0,0,0,,14,13:36,0,2,1,0,100.0
394,Nico Hischier,hischni01,23,NJD,C,44,13,17,30,-9,15,2.6,10,3,0,1,12,4,1,92,14.1,827,18:47,34,31,453,381,54.3
395,Mike Hoffman,hoffmmi02,32,MTL,C,34,8,8,16,-19,14,0.8,5,3,0,2,2,6,0,83,9.6,595,17:30,15,14,5,2,71.4
396,Gregory Hofmann,hofmagr01,29,CBJ,C,24,2,5,7,6,8,0.6,2,0,0,2,5,0,0,33,6.1,300,12:30,10,23,0,8,0.0
397,Nils Hoglander,hoglani01,21,VAN,LW,50,8,8,16,-4,22,1.2,7,1,0,0,6,2,0,111,7.2,674,13:29,14,21,0,0,
398,Nick Holden,holdeni01,34,OTT,D,42,4,7,11,0,6,2.5,4,0,0,1,7,0,0,48,8.3,828,19:43,61,71,0,0,
399,Justin Holl,hollju01,30,TOR,D,39,1,6,7,8,16,2.0,0,0,1,1,6,0,0,35,2.9,799,20:29,64,73,0,0,
400,Alexander Holtz,holtzal01,20,NJD,RW,7,0,2,2,-3,2,0.0,0,0,0,0,1,1,0,11,0.0,82,11:42,2,4,0,0,
401,Patric Hornqvist,hornqpa01,35,FLA,RW,39,7,12,19,3,13,1.5,5,2,0,0,9,3,0,102,6.9,518,13:17,11,75,6,8,42.9
402,Bo Horvat,horvabo01,26,VAN,C,46,14,12,26,-2,26,2.5,8,6,0,3,8,4,0,126,11.1,927,20:09,27,60,567,459,55.3
403,Brett Howden,howdebr01,23,VEG,C,37,8,9,17,6,10,2.0,8,0,0,2,7,0,2,34,23.5,387,10:28,28,42,107,112,48.9
404,Filip Hronek,hronefi01,24,DET,D,47,4,20,24,-17,28,2.4,2,2,0,0,17,3,0,85,4.7,1054,22:25,52,40,0,0,
405,Jonathan Huberdeau,huberjo01,28,FLA,LW,49,17,51,68,23,28,7.1,13,3,1,2,33,17,1,135,12.6,942,19:13,21,64,13,27,32.5
406,Jack Hughes,hugheja03,20,NJD,C,30,14,16,30,-13,0,3.0,12,2,0,2,11,5,0,98,14.3,572,19:03,12,3,69,165,29.5
407,Quinn Hughes,hughequ01,22,VAN,D,47,4,34,38,9,22,6.2,4,0,0,0,15,18,1,92,4.3,1187,25:15,32,13,0,0,
408,Brad Hunt,huntbr01,33,VAN,D,20,0,6,6,-5,6,0.5,0,0,0,0,5,1,0,24,0.0,292,14:36,21,9,0,0,
409,Dryden Hunt,huntdr01,26,NYR,LW,44,3,6,9,-7,37,0.2,3,0,0,1,6,0,0,51,5.9,515,11:42,9,96,4,10,28.6
410,Ben Hutton,huttobe01,28,VEG,D,29,1,7,8,4,14,1.5,1,0,0,0,7,0,0,38,2.6,431,14:51,37,23,0,0,
411,Grant Hutton,huttogr01,26,NYI,D,5,0,0,0,0,0,0.1,0,0,0,0,0,0,0,7,0.0,76,15:16,6,3,0,0,
412,Zach Hyman,hymanza01,29,EDM,C,43,17,14,31,-2,24,3.2,12,4,1,2,10,2,2,112,15.2,815,18:58,13,48,33,31,51.6
413,Alex Iafallo,iafalal01,28,LAK,C,48,14,14,28,6,4,3.1,11,2,1,2,10,3,1,137,10.2,901,18:46,38,25,11,12,47.8
414,Matt Irwin,irwinma01,34,WSH,D,13,0,2,2,-1,4,0.2,0,0,0,0,2,0,0,22,0.0,173,13:18,19,31,0,0,
415,Mark Jankowski,jankoma01,27,BUF,C,18,2,3,5,2,4,0.4,2,0,0,1,3,0,0,13,15.4,246,13:41,8,3,84,88,48.8
416,Mattias Janmark,janmama02,29,VEG,C,45,7,10,17,1,8,1.3,6,0,1,1,9,0,1,53,13.2,639,14:12,19,14,8,12,40.0
417,Calle Jarnkrok,jarnkca01,30,SEA,C,39,10,10,20,-8,2,1.8,8,2,0,1,8,2,0,64,15.6,653,16:44,12,21,99,103,49.0
418,Christian Jaros,jarosch01,25,NJD,D,11,0,0,0,-4,2,-0.2,0,0,0,0,0,0,0,9,0.0,121,11:01,10,21,0,0,
419,Seth Jarvis,jarvise01,19,CAR,C,39,8,10,18,7,8,1.9,7,1,0,2,8,2,0,62,12.9,544,13:56,15,37,9,10,47.4
420,Dmitrij Jaskin,jaskidm01,28,ARI,RW,12,0,1,1,-6,4,-0.4,0,0,0,0,1,0,0,23,0.0,177,14:47,9,47,5,5,50.0
421,Tanner Jeannot,jeannta01,24,NSH,F,50,15,14,29,9,87,3.4,14,1,0,3,13,1,0,78,19.2,783,15:39,36,163,6,10,37.5
422,Jan Jenik,jenikja01,21,ARI,RW,3,0,0,0,-1,7,-0.1,0,0,0,0,0,0,0,2,0.0,20,6:42,2,9,2,7,22.2
423,Boone Jenner,jennebo01,28,CBJ,C,48,20,17,37,-7,18,3.7,13,7,0,3,15,2,0,130,15.4,976,20:20,48,56,519,446,53.8
424,Nick Jensen,jenseni02,31,WSH,D,46,4,8,12,24,10,3.8,4,0,0,1,8,0,0,55,7.3,883,19:12,56,81,0,0,
425,Lucas Johansen,johanlu01,24,WSH,D,1,0,1,1,1,0,0.2,0,0,0,0,1,0,0,0,,12,12:18,0,0,0,0,
426,Ryan Johansen,johanry01,29,NSH,C,47,13,23,36,-3,32,3.4,9,4,0,3,14,9,0,73,17.8,781,16:37,22,37,420,366,53.4
427,Marcus Johansson,johanma03,31,SEA,C,39,6,11,17,-20,4,0.6,3,3,0,1,6,5,0,63,9.5,655,16:48,14,13,21,25,45.7
428,Erik Johnson,johnser01,33,COL,D,49,5,11,16,18,16,3.4,4,0,1,1,9,1,1,90,5.6,882,18:00,86,107,0,0,
429,Jack Johnson,johnsja02,35,COL,D,45,1,6,7,8,34,1.4,1,0,0,0,5,0,1,37,2.7,735,16:19,42,44,0,0,
430,Reese Johnson,johnsre01,23,CHI,F,18,1,3,4,-3,7,0.1,1,0,0,0,3,0,0,11,9.1,180,9:59,6,64,32,37,46.4
431,Tyler Johnson,johnsty01,31,CHI,C,8,1,2,3,-6,10,0.0,1,0,0,0,0,2,0,11,9.1,115,14:26,3,16,18,13,58.1
432,Andreas Johnsson,johnsan01,27,NJD,LW,46,11,15,26,1,22,2.6,10,1,0,0,15,0,0,82,13.4,678,14:45,13,40,3,9,25.0
433,Ross Johnston,johnsro02,27,NYI,LW,13,1,2,3,1,14,0.3,1,0,0,0,2,0,0,3,33.3,136,10:27,6,36,0,0,
434,Henri Jokiharju,jokihhe01,22,BUF,D,34,3,9,12,-1,8,2.2,3,0,0,0,9,0,0,42,7.1,726,21:21,29,33,0,0,
435,Ben Jones,jonesbe01,22,VEG,F,2,0,0,0,0,2,0.0,0,0,0,0,0,0,0,1,0.0,16,8:03,1,4,0,0,
436,Caleb Jones,jonesca01,24,CHI,D,27,1,3,4,1,6,1.1,1,0,0,1,2,1,0,27,3.7,395,14:38,32,33,0,0,
437,Max Jones,jonesma03,23,ANA,LW,2,0,0,0,-1,15,-0.1,0,0,0,0,0,0,0,2,0.0,20,9:54,0,2,1,1,50.0
438,Seth Jones,jonesse01,27,CHI,D,47,3,28,31,-19,24,3.7,3,0,0,0,15,12,1,125,2.4,1232,26:12,102,64,0,0,
439,Zachary Jones,jonesza01,21,NYR,D,8,0,1,1,-3,0,0.0,0,0,0,0,1,0,0,5,0.0,113,14:09,10,3,0,0,
440,Axel Jonsson Fjällby,jonssax01,23,WSH,LW,9,0,1,1,1,2,0.0,0,0,0,0,1,0,0,9,0.0,103,11:28,3,8,1,3,25.0
441,Mathieu Joseph,josepma01,24,TBL,RW,46,8,8,16,2,17,1.3,6,0,2,2,7,0,1,59,13.6,640,13:55,16,70,15,20,42.9
442,Pierre-Olivier Joseph,joseppi01,22,PIT,D,4,0,0,0,-2,2,-0.1,0,0,0,0,0,0,0,7,0.0,73,18:14,4,6,0,0,
443,Dakota Joshua,joshuda01,25,STL,C,22,2,3,5,5,14,0.6,2,0,0,2,3,0,0,16,12.5,182,8:17,8,53,38,32,54.3
444,Roman Josi,josiro01,31,NSH,D,48,13,38,51,6,32,7.8,6,7,0,1,23,15,0,170,7.6,1206,25:08,76,35,0,0,
445,Tyson Jost,jostty01,23,COL,C,49,5,8,13,4,24,0.6,5,0,0,0,7,0,1,70,7.1,655,13:22,26,39,103,158,39.5
446,Olli Juolevi,juoleol01,23,FLA,D,9,0,0,0,1,2,0.0,0,0,0,0,0,0,0,9,0.0,113,12:31,6,8,0,0,
447,Noah Juulsen,juulsno01,24,VAN,D,7,0,2,2,-4,0,0.0,0,0,0,0,2,0,0,5,0.0,104,14:50,11,20,0,0,
448,Nazem Kadri,kadrina01,31,COL,C,46,21,42,63,21,52,7.3,15,6,0,5,29,13,0,163,12.9,885,19:15,9,32,374,388,49.1
449,Kaapo Kakko,kakkoka01,20,NYR,RW,37,5,9,14,7,10,1.3,4,1,0,1,8,1,0,56,8.9,592,16:00,13,5,1,6,14.3
450,Arthur Kaliyev,kaliyar01,20,LAK,RW,49,9,6,15,-5,10,1.3,7,2,0,1,3,3,0,118,7.6,616,12:34,8,15,0,0,
451,Wyatt Kalynuk,kalynwy01,24,CHI,D,5,0,0,0,-3,2,-0.1,0,0,0,0,0,0,0,1,0.0,60,12:00,0,9,0,0,
452,David Kampf,kampfda01,27,TOR,C,48,7,10,17,9,16,1.5,5,0,2,1,9,0,1,59,11.9,715,14:54,17,43,354,306,53.6
453,Evander Kane,kaneev01,30,EDM,LW,10,4,4,8,7,12,1.1,3,1,0,0,3,1,0,36,11.1,188,18:45,3,38,1,2,33.3
454,Patrick Kane,kanepa01,33,CHI,RW,47,12,35,47,-16,10,3.8,8,4,0,2,21,14,0,177,6.8,1014,21:34,15,7,4,3,57.1
455,Kasperi Kapanen,kapanka01,25,PIT,RW,50,9,15,24,2,8,2.0,9,0,0,2,11,4,0,94,9.6,790,15:48,14,66,2,4,33.3
456,Kirill Kaprizov,kapriki01,24,MIN,LW,45,23,38,61,17,18,7.1,19,4,0,3,27,11,0,166,13.9,855,19:00,15,49,2,3,40.0
457,Erik Karlsson,karlser01,31,SJS,D,33,8,18,26,-4,14,4.1,8,0,0,2,10,8,0,83,9.6,762,23:06,34,14,0,0,
458,William Karlsson,karlswi01,29,VEG,C,35,7,11,18,0,4,1.3,5,1,1,0,9,2,0,72,9.7,646,18:27,22,20,291,292,49.9
459,Ondrej Kase,kaseon01,26,TOR,RW,40,10,10,20,5,14,2.2,7,3,0,1,7,3,0,104,9.6,570,14:14,27,23,1,5,16.7
460,Zack Kassian,kassiza01,31,EDM,RW,35,5,9,14,-2,38,1.0,3,2,0,1,9,0,0,41,12.2,450,12:51,3,95,2,3,40.0
461,Mark Kastelic,kastema01,22,OTT,C,8,0,1,1,-2,2,-0.1,0,0,0,0,1,0,0,1,0.0,69,8:35,5,33,37,20,64.9
462,Boris Katchouk,katchbo01,23,TBL,LW,36,2,4,6,3,25,0.3,2,0,0,1,4,0,0,33,6.1,353,9:49,11,95,7,9,43.8
463,Martin Kaut,kautma01,22,COL,RW,6,0,0,0,2,0,0.0,0,0,0,0,0,0,0,1,0.0,53,8:49,3,6,0,0,
464,Joey Keane,keanejo01,22,CAR,D,1,0,0,0,0,2,0.0,0,0,0,0,0,0,0,1,0.0,14,13:38,0,1,0,0,
465,Duncan Keith,keithdu01,38,EDM,D,35,1,13,14,3,10,2.1,1,0,0,1,13,0,0,52,1.9,713,20:22,61,20,0,0,
466,Clayton Keller,kellecl01,23,ARI,C,49,19,23,42,-9,26,4.1,15,3,1,2,20,2,1,137,13.9,976,19:55,25,15,20,34,37.0
467,Parker Kelly,kellypa01,22,OTT,F,15,2,1,3,1,6,0.3,2,0,0,0,1,0,0,11,18.2,149,9:55,15,38,0,1,0.0
468,Adrian Kempe,kempead01,25,LAK,LW,47,23,10,33,-1,28,4.3,17,4,2,6,5,5,0,139,16.5,857,18:14,10,55,17,17,50.0
469,Michal Kempny,kempnmi01,31,WSH,D,8,1,1,2,-1,10,0.3,1,0,0,0,1,0,0,8,12.5,151,18:54,13,15,0,0,
470,Alexander Kerfoot,kerfoal01,27,TOR,C,48,7,27,34,15,10,3.4,7,0,0,1,24,1,2,71,9.9,742,15:28,35,38,31,53,36.9
471,Tanner Kero,kerota01,29,DAL,RW,23,0,3,3,-5,0,-0.2,0,0,0,0,3,0,0,14,0.0,220,9:34,9,12,9,5,64.3
472,Phil Kessel,kesseph01,34,ARI,RW,49,6,27,33,-9,18,2.1,4,2,0,0,20,7,0,101,5.9,849,17:20,16,3,2,3,40.0
473,Jujhar Khaira,khairju01,27,CHI,LW,27,3,0,3,-4,13,0.0,3,0,0,0,0,0,0,32,9.4,367,13:36,14,88,53,48,52.5
474,Matt Kiersted,kiersma01,23,FLA,D,8,1,1,2,-3,0,0.0,1,0,0,0,1,0,0,7,14.3,104,13:02,16,6,0,0,
475,Alex Killorn,killoal01,32,TBL,C,49,16,27,43,5,42,4.3,13,3,0,1,22,5,0,94,17.0,935,19:05,14,53,0,7,0.0
476,Bryce Kindopp,kindobr01,22,ANA,F,1,0,0,0,0,0,0.0,0,0,0,0,0,0,0,2,0.0,6,6:06,0,0,0,1,0.0
477,Joel Kiviranta,kivirjo01,25,DAL,F,40,1,3,4,-7,10,-0.3,1,0,0,0,3,0,0,38,2.6,387,9:40,14,74,0,2,0.0
478,John Klingberg,klingjo01,29,DAL,D,41,1,25,26,-14,14,2.8,0,1,0,1,12,13,0,65,1.5,895,21:50,45,26,0,0,
479,Artemi Kniazev,kniazar01,21,SJS,D,1,0,0,0,-2,0,-0.1,0,0,0,0,0,0,0,2,0.0,12,11:59,0,1,0,0,
480,Slater Koekkoek,koekksl01,27,EDM,D,19,0,4,4,2,16,0.7,0,0,0,0,4,0,0,11,0.0,212,11:10,18,21,0,0,
481,Otto Koivula,koivuot01,23,NYI,LW,3,0,1,1,-1,0,0.0,0,0,0,0,1,0,0,4,0.0,35,11:41,2,2,8,14,36.4
482,Keegan Kolesar,koleske01,24,VEG,RW,49,4,12,16,0,41,0.8,2,1,1,0,12,0,0,68,5.9,657,13:25,30,132,64,97,39.8
483,Vladislav Kolyachonok,kolyavl01,20,ARI,D,4,0,0,0,-1,0,0.0,0,0,0,0,0,0,0,3,0.0,58,14:29,5,7,0,0,
484,Leo Komarov,komarle01,35,NYI,C,1,0,0,0,0,2,0.0,0,0,0,0,0,0,0,0,,11,10:50,0,3,1,0,100.0
485,Travis Konecny,konectr01,24,PHI,C,47,8,21,29,-8,36,2.2,6,2,0,1,16,5,0,125,6.4,817,17:23,21,61,6,6,50.0
486,Anze Kopitar,kopitan01,34,LAK,C,50,14,33,47,-5,10,4.3,10,4,0,2,21,11,1,136,10.3,1049,20:59,41,41,555,421,56.9
487,Kaedan Korczak,korczka01,21,VEG,D,1,0,0,0,1,0,0.1,0,0,0,0,0,0,0,0,,17,16:37,1,0,0,0,
488,Klim Kostin,kostikl01,22,STL,C,35,4,5,9,1,16,0.7,4,0,0,1,5,0,0,30,13.3,322,9:12,8,86,2,2,50.0
489,Jesperi Kotkaniemi,kotkaje01,21,CAR,C,45,10,11,21,3,14,2.2,10,0,0,3,8,3,0,57,17.5,555,12:20,13,55,109,103,51.4
490,Johnathan Kovacevic,kovacjo01,24,WPG,D,4,0,0,0,1,2,0.1,0,0,0,0,0,0,0,7,0.0,43,10:49,3,0,0,0,
491,Peyton Krebs,krebspe01,21,TOT,C,25,3,5,8,-15,14,-0.1,3,0,0,2,2,3,0,26,11.5,385,15:24,3,12,36,54,40.0
492,Peyton Krebs,krebspe01,21,BUF,C,16,3,5,8,-9,12,0.4,3,0,0,2,2,3,0,16,18.8,261,16:20,0,6,33,49,40.2
493,Peyton Krebs,krebspe01,21,VEG,C,9,0,0,0,-6,2,-0.4,0,0,0,0,0,0,0,10,0.0,124,13:44,3,6,3,5,37.5
494,Chris Kreider,kreidch01,30,NYR,LW,49,33,14,47,12,16,7.0,14,17,2,4,8,6,0,155,21.3,934,19:04,20,98,46,38,54.8
495,Torey Krug,krugto01,30,STL,D,44,6,22,28,21,36,5.5,3,2,1,1,12,10,0,78,7.7,929,21:07,45,37,0,0,
496,Dominik Kubalík,kubaldo01,26,CHI,LW,51,10,9,19,-17,10,1.2,7,3,0,0,4,5,0,107,9.3,770,15:06,20,67,7,8,46.7
497,Nikita Kucherov,kucheni01,28,TBL,RW,14,7,13,20,0,6,2.2,4,3,0,0,8,5,0,57,12.3,280,20:02,3,10,1,0,100.0
498,Karson Kuhlman,kuhlmka01,26,TOT,C,24,1,1,2,0,2,0.0,1,0,0,0,1,0,0,27,3.7,234,9:44,11,46,0,1,0.0
499,Karson Kuhlman,kuhlmka01,26,BOS,C,19,1,1,2,0,0,0.0,1,0,0,0,1,0,0,22,4.5,194,10:14,7,42,0,1,0.0
500,Karson Kuhlman,kuhlmka01,26,SEA,C,5,0,0,0,0,2,-0.1,0,0,0,0,0,0,0,5,0.0,39,7:51,4,4,0,0,
501,Dean Kukan,kukande01,28,CBJ,D,16,1,2,3,-2,10,0.4,1,0,0,0,2,0,0,17,5.9,237,14:49,14,13,0,0,
502,Brett Kulak,kulakbr01,28,MTL,D,43,2,8,10,-16,23,0.8,2,0,0,0,8,0,0,40,5.0,756,17:35,31,55,0,0,
503,Dmitry Kulikov,kulikdm01,31,MIN,D,45,4,11,15,7,21,2.3,4,0,0,0,11,0,0,34,11.8,788,17:31,53,53,0,0,
504,Luke Kunin,kuninlu01,24,NSH,C,50,11,8,19,-1,38,1.7,11,0,0,0,6,2,0,85,12.9,749,14:59,35,155,25,37,40.3
505,Janne Kuokkanen,kuokkja01,23,NJD,C,43,5,6,11,-12,8,0.3,3,1,1,1,6,0,0,45,11.1,563,13:06,16,25,2,9,18.2
506,Rasmus Kupari,kuparra01,21,LAK,C,37,3,6,9,-2,14,0.5,2,1,0,1,5,1,0,32,9.4,429,11:36,10,30,114,152,42.9
507,Sean Kuraly,kuralse01,29,CBJ,C,48,8,9,17,9,27,1.5,8,0,0,0,9,0,0,73,11.0,725,15:06,24,134,354,386,47.8
508,Philipp Kurashev,kurasph01,22,CHI,C,44,4,10,14,-10,12,0.6,2,2,0,1,8,2,0,62,6.5,584,13:16,16,24,42,60,41.2
509,Evgeny Kuznetsov,kuzneev01,29,WSH,C,49,15,33,48,13,18,5.0,10,3,2,3,19,12,2,129,11.6,1030,21:01,19,23,333,440,43.1
510,Oliver Kylington,kylinol01,24,CGY,D,47,6,18,24,27,8,5.7,5,1,0,2,16,2,0,90,6.7,877,18:40,46,29,0,0,
511,Jordan Kyrou,kyroujo01,23,STL,C,45,18,26,44,4,10,4.9,15,3,0,2,16,9,1,119,15.1,739,16:25,15,3,6,5,54.5
512,Kevin Labanc,labanke01,26,SJS,RW,21,3,3,6,-4,6,0.4,1,2,0,1,1,2,0,36,8.3,279,13:17,9,28,0,1,0.0
513,Andrew Ladd,laddan01,36,ARI,LW,41,6,3,9,-11,41,0.1,4,2,0,0,2,1,0,47,12.8,583,14:13,26,61,5,2,71.4
514,Paul Ladue,laduepa01,29,NYI,D,1,0,0,0,-2,0,-0.1,0,0,0,0,0,0,0,1,0.0,13,12:47,1,2,0,0,
515,Sam Lafferty,laffesa01,26,TOT,C,25,1,2,3,-6,14,-0.3,1,0,0,0,2,0,0,35,2.9,307,12:18,11,58,52,70,42.6
516,Sam Lafferty,laffesa01,26,CHI,C,15,1,0,1,-6,2,-0.3,1,0,0,0,0,0,0,26,3.8,220,14:41,9,24,39,46,45.9
517,Sam Lafferty,laffesa01,26,PIT,C,10,0,2,2,0,12,0.1,0,0,0,0,2,0,0,9,0.0,87,8:43,2,34,13,24,35.1
518,Alexis Lafreniere,lafreal01,20,NYR,LW,47,10,3,13,-3,27,1.2,10,0,0,3,3,0,0,62,16.1,643,13:41,17,74,9,27,25.0
519,William Lagesson,lageswi01,25,EDM,D,21,0,3,3,4,11,0.8,0,0,0,0,3,0,0,22,0.0,257,12:14,14,25,0,0,
520,Patrik Laine,lainepa01,23,CBJ,RW,29,16,15,31,2,12,3.8,13,3,0,5,9,6,0,79,20.3,527,18:11,11,19,5,10,33.3
521,Maxime Lajoie,lajoima01,24,CAR,D,5,0,0,0,2,0,0.2,0,0,0,0,0,0,0,6,0.0,63,12:32,5,3,0,0,
522,Juho Lammikko,lammiju01,26,VAN,RW,44,5,4,9,1,12,0.6,5,0,0,1,4,0,0,39,12.8,512,11:38,26,46,186,175,51.5
523,Gabriel Landeskog,landega01,29,COL,LW,41,23,26,49,24,53,6.3,17,6,0,5,19,7,0,113,20.4,840,20:29,28,78,219,178,55.2
524,Hendrix Lapierre,lapiehe01,19,WSH,C,6,1,0,1,2,2,0.2,1,0,0,0,0,0,0,7,14.3,58,9:35,2,1,6,17,26.1
525,Dylan Larkin,larkidy01,25,DET,C,46,26,26,52,8,33,6.6,21,5,0,4,21,5,0,140,18.6,884,19:13,17,32,386,342,53.0
526,Adam Larsson,larssad01,29,SEA,D,51,4,11,15,-15,28,2.1,4,0,0,2,10,1,0,66,6.1,1129,22:08,95,119,0,0,
527,Jacob Larsson,larssja01,24,ANA,D,6,0,1,1,-3,2,0.0,0,0,0,0,1,0,0,5,0.0,92,15:16,5,1,0,0,
528,Johan Larsson,larssjo02,29,ARI,LW,29,6,9,15,-3,30,1.1,5,1,0,1,8,1,0,30,20.0,518,17:52,21,53,194,223,46.5
529,Scott Laughton,laughsc01,27,PHI,C,46,10,13,23,-7,25,1.9,8,0,2,1,12,1,0,81,12.3,756,16:25,34,100,260,271,49.0
530,Jeremy Lauzon,lauzoje01,24,SEA,D,42,1,4,5,-8,56,0.8,1,0,0,0,4,0,0,40,2.5,737,17:34,35,147,0,0,
531,Curtis Lazar,lazarcu01,26,BOS,C,42,6,6,12,2,10,1.2,6,0,0,0,5,0,1,56,10.7,512,12:11,32,110,78,96,44.8
532,Brett Leason,leasobr01,22,WSH,RW,35,3,3,6,1,4,0.4,3,0,0,0,3,0,0,45,6.7,316,9:02,14,15,3,5,37.5
533,Nick Leddy,leddyni01,30,DET,D,46,1,11,12,-26,16,0.2,1,0,0,0,8,3,0,43,2.3,980,21:18,42,24,0,0,
534,Anders Lee,leean01,31,NYI,LW,39,13,6,19,-5,12,2.2,10,3,0,1,5,1,0,85,15.3,658,16:52,11,56,57,59,49.1
535,Artturi Lehkonen,lehkoar01,26,MTL,LW,46,7,13,20,-4,12,1.6,5,1,1,0,13,0,0,88,8.0,670,14:34,20,46,6,10,37.5
536,Josh Leivo,leivojo01,28,CAR,LW,7,1,2,3,1,2,0.3,1,0,0,0,2,0,0,10,10.0,65,9:14,1,4,0,0,
537,Brendan Lemieux,lemiebr01,25,LAK,LW,38,7,2,9,3,77,1.1,7,0,0,2,2,0,0,53,13.2,427,11:14,14,95,10,11,47.6
538,John Leonard,leonajo01,23,SJS,LW,5,0,0,0,-1,0,-0.1,0,0,0,0,0,0,0,9,0.0,53,10:37,1,3,0,0,
539,Jake Leschyshyn,leschja01,22,VEG,C,20,1,3,4,0,6,0.1,1,0,0,0,3,0,0,18,5.6,236,11:47,15,19,62,81,43.4
540,Kris Letang,letankr01,34,PIT,D,47,6,39,45,18,26,7.4,5,1,0,2,23,16,0,130,4.6,1210,25:45,84,100,0,0,
541,Vinni Lettieri,lettivi01,26,ANA,C,17,5,3,8,-2,2,0.9,3,2,0,0,0,3,0,31,16.1,223,13:08,10,26,4,1,80.0
542,Tyler Lewington,lewinty01,27,BOS,D,2,0,0,0,-1,7,0.0,0,0,0,0,0,0,0,2,0.0,25,12:27,2,1,0,0,
543,Trevor Lewis,lewistr01,35,CGY,C,48,4,8,12,0,8,0.6,3,0,1,0,7,1,0,64,6.3,612,12:45,25,107,37,45,45.1
544,Timothy Liljegren,liljeti01,22,TOR,D,32,1,9,10,7,6,2.0,1,0,0,0,9,0,0,38,2.6,504,15:45,32,30,0,0,
545,Kole Lind,lindko01,23,SEA,RW,4,0,1,1,-1,2,0.0,0,0,0,0,1,0,0,0,,30,7:32,1,4,1,1,50.0
546,Oskar Lindblom,lindbos01,25,PHI,LW,48,6,11,17,-4,14,1.1,6,0,0,0,10,1,0,86,7.0,687,14:18,32,51,4,8,33.3
547,Esa Lindell,lindees01,27,DAL,D,48,3,12,15,1,4,3.2,2,0,1,0,9,2,1,95,3.2,1078,22:27,96,74,0,1,0.0
548,Ryan Lindgren,lindgry01,23,NYR,D,46,4,5,9,16,22,3.7,4,0,0,1,5,0,0,41,9.8,943,20:29,98,83,0,0,
549,Elias Lindholm,lindhel01,27,CGY,C,48,22,26,48,38,10,6.8,15,6,1,5,20,6,0,137,16.1,967,20:08,28,37,472,413,53.3
550,Hampus Lindholm,lindhha01,28,ANA,D,50,5,15,20,5,36,4.1,4,1,0,1,12,2,1,97,5.2,1138,22:46,69,47,0,0,
551,Gustav Lindstrom,lindsgu01,23,DET,D,40,1,9,10,2,12,1.8,1,0,0,0,9,0,0,32,3.1,651,16:16,53,36,0,0,
552,Blake Lizotte,lizotbl01,24,LAK,C,44,6,8,14,8,20,1.5,5,0,1,1,7,0,1,55,10.9,526,11:57,7,45,193,174,52.6
553,Jon Lizotte,lizotjo01,27,MIN,D,1,0,0,0,0,2,0.0,0,0,0,0,0,0,0,1,0.0,15,14:43,4,3,0,0,
554,Ryan Lomberg,lombery01,27,FLA,LW,37,4,7,11,7,56,0.7,4,0,0,1,6,0,1,66,6.1,432,11:41,3,90,1,4,20.0
555,Steven Lorentz,lorenst01,25,CAR,C,43,6,4,10,1,6,0.8,6,0,0,1,4,0,0,48,12.5,491,11:25,9,49,39,43,47.6
556,Adam Lowry,lowryad01,28,WPG,LW,49,4,6,10,5,40,0.4,3,0,1,0,3,1,2,56,7.1,753,15:22,22,147,328,285,53.5
557,Milan Lucic,lucicmi01,33,CGY,LW,48,9,9,18,-1,45,1.6,7,2,0,0,8,1,0,60,15.0,614,12:48,13,121,8,8,50.0
558,Matt Luff,luffma01,24,NSH,RW,10,1,2,3,3,2,0.4,1,0,0,1,2,0,0,8,12.5,90,8:57,1,13,1,0,100.0
559,Anton Lundell,lundean01,20,FLA,C,45,10,24,34,29,12,3.7,10,0,0,2,19,3,2,81,12.3,737,16:22,46,23,263,327,44.6
560,Isac Lundestrom,lundeis01,22,ANA,C,52,12,12,24,6,6,2.6,8,0,4,2,12,0,0,60,20.0,835,16:03,40,21,282,345,45.0
561,Nils Lundkvist,lundkni01,21,NYR,D,25,1,3,4,4,0,1.2,0,1,0,0,2,1,0,32,3.1,348,13:56,15,15,0,0,
562,Eetu Luostarinen,luostee01,23,FLA,C,45,8,7,15,1,6,0.9,7,0,1,4,7,0,0,50,16.0,609,13:32,31,67,200,302,39.8
563,Ilya Lyubushkin,lyubuil01,27,ARI,D,46,0,9,9,-6,26,1.4,0,0,0,0,8,0,1,33,0.0,833,18:06,60,94,0,0,
564,Olli Maatta,maattol01,27,LAK,D,35,1,2,3,8,8,1.5,1,0,0,0,2,0,0,33,3.0,622,17:46,55,34,0,0,
565,Kurtis MacDermid,macdeku01,27,COL,D,35,1,2,3,3,56,0.6,1,0,0,0,2,0,0,30,3.3,265,7:35,18,56,0,0,
566,Jacob MacDonald,macdoja02,28,COL,D,7,0,0,0,-2,2,-0.2,0,0,0,0,0,0,0,11,0.0,61,8:43,3,8,0,0,
567,Zack MacEwen,macewza01,25,PHI,C,47,1,3,4,-12,51,-0.6,1,0,0,1,3,0,0,46,2.2,447,9:31,17,101,10,8,55.6
568,Ryan MacInnis,macinry01,25,BUF,C,1,0,0,0,0,0,0.0,0,0,0,0,0,0,0,2,0.0,10,10:00,0,0,0,0,
569,Nathan MacKinnon,mackina01,26,COL,C,35,11,36,47,9,16,4.6,8,3,0,2,23,13,0,154,7.1,739,21:07,27,31,185,222,45.5
570,Josh Mahura,mahurjo01,23,ANA,D,18,1,1,2,-5,4,0.2,1,0,0,0,1,0,0,11,9.1,249,13:50,30,31,0,0,
571,Cale Makar,makarca01,23,COL,D,45,18,32,50,32,8,9.1,14,4,0,5,16,16,0,129,14.0,1131,25:07,54,52,0,0,
572,Beck Malenstyn,malenbe01,23,WSH,LW,12,1,0,1,2,9,0.1,1,0,0,0,0,0,0,10,10.0,109,9:03,7,34,1,6,14.3
573,Evgeni Malkin,malkiev01,35,PIT,C,15,6,9,15,-5,4,1.4,3,3,0,1,4,5,0,40,15.0,273,18:13,7,8,55,73,43.0
574,Mikhail Maltsev,maltsmi01,23,COL,LW,18,0,0,0,-5,2,-0.5,0,0,0,0,0,0,0,23,0.0,145,8:04,2,31,44,32,57.9
575,Maxim Mamin,maminma01,27,FLA,C,23,5,4,9,7,4,1.0,5,0,0,0,4,0,0,27,18.5,280,12:10,11,34,0,0,
576,Andrew Mangiapane,mangian01,25,CGY,LW,48,25,8,33,12,20,5.0,17,7,1,5,6,1,1,118,21.2,766,15:57,19,39,17,20,45.9
577,Josh Manson,mansojo01,30,ANA,D,43,3,4,7,0,49,1.9,3,0,0,0,4,0,0,56,5.4,848,19:44,44,112,0,0,
578,Anthony Mantha,manthan01,27,WSH,RW,10,2,4,6,0,4,0.6,2,0,0,0,2,2,0,16,12.5,139,13:52,6,7,0,0,
579,Brad Marchand,marchbr03,33,BOS,LW,39,21,28,49,-1,67,5.9,13,6,2,3,12,16,0,119,17.6,753,19:18,13,49,6,10,37.5
580,Jonathan Marchessault,audymjo01,31,VEG,C,45,20,15,35,-3,14,4.0,15,5,0,3,8,7,0,149,13.4,776,17:14,11,33,25,35,41.7
581,Mason Marchment,marchma01,26,FLA,F,24,11,15,26,24,19,3.8,11,0,0,0,15,0,0,51,21.6,316,13:09,3,54,4,18,18.2
582,John Marino,marinjo01,24,PIT,D,51,1,17,18,-3,15,2.6,1,0,0,0,14,2,1,55,1.8,1072,21:02,53,53,0,0,
583,Mitch Marner,marnemi01,24,TOR,RW,39,17,28,45,13,8,5.2,11,4,2,4,18,9,1,117,14.5,810,20:45,17,21,4,3,57.1
584,Cooper Marody,marodco01,25,EDM,C,1,0,1,1,0,0,0.1,0,0,0,0,1,0,0,1,0.0,6,6:04,0,0,0,0,
585,Pat Maroon,maroopa01,33,TBL,LW,48,8,8,16,13,65,1.7,5,3,0,0,7,1,0,70,11.4,626,13:03,4,86,11,11,50.0
586,Matt Martin,martima02,32,NYI,LW,36,2,2,4,1,40,0.1,2,0,0,0,2,0,0,39,5.1,413,11:28,15,125,6,6,50.0
587,Alec Martinez,martial01,34,VEG,D,11,0,3,3,3,4,0.7,0,0,0,0,3,0,0,11,0.0,220,19:59,33,9,0,0,
588,Jordan Martinook,martijo01,29,CAR,LW,32,2,6,8,3,8,0.5,2,0,0,0,6,0,0,28,7.1,343,10:43,6,46,9,12,42.9
589,Mike Matheson,mathemi01,27,PIT,D,48,7,14,21,6,16,4.0,7,0,0,5,13,1,0,84,8.3,876,18:15,49,64,0,0,
590,Stefan Matteau,mattest02,27,COL,LW,1,0,0,0,0,0,0.0,0,0,0,0,0,0,0,0,,4,3:39,0,0,0,0,
591,Auston Matthews,matthau01,24,TOR,C,45,33,26,59,7,10,7.8,21,12,0,5,16,10,0,201,16.4,927,20:36,34,33,420,310,57.5
592,Scott Mayfield,mayfisc01,29,NYI,D,44,2,11,13,-1,48,2.8,2,0,0,1,10,0,1,52,3.8,880,20:00,75,57,0,0,
593,Gerald Mayhew,mayhege01,29,PHI,F,15,5,0,5,-3,8,0.6,4,1,0,0,0,0,0,23,21.7,185,12:21,7,27,2,1,66.7
594,Dysin Mayo,mayody01,25,ARI,D,40,3,2,5,-8,8,1.1,3,0,0,0,2,0,0,46,6.5,827,20:40,79,61,0,0,
595,Charlie McAvoy,mcavoch01,24,BOS,D,46,7,21,28,5,42,5.4,3,4,0,3,10,11,0,93,7.5,1130,24:34,76,93,0,0,
596,Jake McCabe,mccabja01,28,CHI,D,45,3,6,9,-21,17,0.9,3,0,0,0,6,0,0,44,6.8,906,20:08,105,95,0,0,
597,Jared McCann,mccanja01,25,SEA,C,46,20,12,32,-20,10,3.4,13,7,0,1,7,5,0,118,16.9,745,16:11,15,41,176,205,46.2
598,Michael McCarron,mccarmi01,26,NSH,RW,27,2,2,4,3,48,0.3,2,0,0,0,2,0,0,27,7.4,257,9:31,15,62,76,64,54.3
599,Ben McCartney,mccarbe02,20,ARI,F,2,0,0,0,0,4,0.0,0,0,0,0,0,0,0,2,0.0,28,14:03,0,7,0,1,0.0
600,Max McCormick,mccorma01,29,SEA,LW,10,0,0,0,1,10,-0.1,0,0,0,0,0,0,0,8,0.0,81,8:06,3,11,2,2,50.0
601,Connor McDavid,mcdavco01,25,EDM,C,48,26,45,71,12,33,8.1,20,6,0,3,24,21,0,187,13.9,1074,22:23,16,45,312,277,53.0
602,Ryan McDonagh,mcdonry01,32,TBL,D,46,2,16,18,9,8,3.3,2,0,0,0,15,1,0,55,3.6,1061,23:04,81,60,0,1,0.0
603,Brock McGinn,mcginbr01,27,PIT,LW,48,10,6,16,2,8,1.4,10,0,0,2,6,0,0,81,12.3,734,15:18,39,74,15,26,36.6
604,Greg McKegg,mckeggr01,29,NYR,C,29,1,3,4,-6,4,-0.2,1,0,0,0,2,0,1,17,5.9,326,11:15,17,38,52,57,47.7
605,Michael McLeod,mcleomi01,23,NJD,C,46,6,8,14,-4,28,0.8,6,0,0,0,7,0,1,53,11.3,673,14:37,18,92,414,294,58.5
606,Ryan McLeod,mcleory01,22,EDM,C,38,5,5,10,0,6,0.7,5,0,0,0,4,1,0,38,13.2,439,11:33,14,11,139,148,48.4
607,Connor McMichael,mcmicco01,21,WSH,C,47,7,8,15,0,6,1.3,7,0,0,0,8,0,0,77,9.1,489,10:24,14,32,89,141,38.7
608,Brayden McNabb,mcnabbr01,31,VEG,D,50,2,8,10,4,34,2.1,2,0,0,0,8,0,0,53,3.8,987,19:44,128,105,0,0,
609,Mason Mctavish,mctavma01,19,ANA,C,9,2,1,3,3,2,0.4,2,0,0,1,0,1,0,12,16.7,118,13:05,6,8,0,3,0.0
610,Jaycob Megna,megnaja02,29,SJS,D,19,1,0,1,0,10,0.7,1,0,0,0,0,0,0,15,6.7,343,18:02,33,30,0,0,
611,Jayson Megna,megnaja01,31,COL,C,20,0,3,3,-2,4,-0.2,0,0,0,0,3,0,0,19,0.0,206,10:18,9,27,56,60,48.3
612,Timo Meier,meierti01,25,SJS,RW,43,23,27,50,12,18,6.6,14,9,0,6,26,1,0,182,12.6,815,18:58,29,82,9,11,45.0
613,Nicolas Meloche,melocni01,24,SJS,D,19,1,2,3,-8,10,0.2,1,0,0,1,2,0,0,17,5.9,315,16:34,15,52,0,0,
614,Dawson Mercer,merceda01,20,NJD,C,50,11,17,28,-5,18,2.4,9,1,1,1,15,2,0,87,12.6,797,15:56,24,11,155,291,34.8
615,Nicholas Merkley,merklni01,24,SJS,RW,9,1,2,3,-2,0,0.2,1,0,0,0,1,1,0,7,14.3,112,12:25,2,9,6,5,54.5
616,Ryan Merkley,merklry01,21,SJS,D,16,1,1,2,-2,2,0.5,1,0,0,0,1,0,0,13,7.7,238,14:53,8,4,0,0,
617,Dakota Mermis,mermida01,28,MIN,D,2,0,0,0,2,0,0.1,0,0,0,0,0,0,0,1,0.0,28,13:54,1,3,0,0,
618,Jonathon Merrill,merrijo01,29,MIN,D,44,3,11,14,12,12,2.5,3,0,0,0,11,0,0,42,7.1,773,17:34,77,32,0,0,
619,Victor Mete,metevi01,23,OTT,D,29,0,6,6,-13,4,0.1,0,0,0,0,6,0,0,20,0.0,427,14:44,28,11,0,0,
620,Jacob Middleton,middlja01,26,SJS,D,31,3,5,8,6,46,2.3,3,0,0,0,4,0,1,38,7.9,566,18:15,48,55,0,0,
621,Ilya Mikheyev,mikheil01,27,TOR,F,19,7,3,10,6,4,1.4,3,2,2,3,2,1,0,50,14.0,291,15:19,7,15,0,0,
622,Niko Mikkola,mikkoni01,25,STL,D,34,3,6,9,-1,36,1.5,2,0,1,0,6,0,0,49,6.1,618,18:10,53,74,0,0,
623,Sonny Milano,milanso01,25,ANA,LW,39,11,18,29,-4,2,3.0,6,5,0,2,14,4,0,61,18.0,577,14:48,9,16,0,1,0.0
624,Colin Miller,milleco02,29,BUF,D,32,2,10,12,-2,21,1.9,2,0,0,0,7,3,0,43,4.7,628,19:38,39,42,0,0,
625,J.T. Miller,millejt01,28,VAN,C,49,18,33,51,2,37,5.4,13,5,0,4,14,18,1,119,15.1,1033,21:05,35,107,378,330,53.4
626,K'Andre Miller,milleka01,22,NYR,D,49,4,7,11,6,20,3.2,4,0,0,1,7,0,0,51,7.8,984,20:05,59,70,0,0,
627,Daniil Miromanov,miromda01,24,VEG,D,7,0,1,1,1,0,0.2,0,0,0,0,1,0,0,12,0.0,71,10:05,5,3,0,0,
628,Ian Mitchell,mitchia01,23,CHI,D,8,0,1,1,-3,0,0.0,0,0,0,0,0,1,0,2,0.0,95,11:56,9,2,0,0,
629,Casey Mittelstadt,mitteca01,23,BUF,C,8,1,1,2,-9,2,-0.2,1,0,0,0,1,0,0,11,9.1,115,14:23,4,0,43,47,47.8
630,Sean Monahan,monahse01,27,CGY,C,48,7,14,21,-11,18,1.2,3,4,0,2,6,8,0,89,7.9,702,14:37,16,43,318,286,52.6
631,Brandon Montour,montobr01,27,FLA,D,48,4,15,19,4,34,2.1,3,1,0,0,10,5,0,91,4.4,836,17:25,44,27,0,0,
632,John Moore,moorejo01,31,BOS,D,7,0,1,1,2,4,0.4,0,0,0,0,0,0,1,7,0.0,123,17:34,11,9,0,0,
633,Trevor Moore,mooretr01,26,LAK,LW,50,8,18,26,15,8,2.9,6,1,1,1,17,1,0,107,7.5,727,14:32,21,44,20,24,45.5
634,Josh Morrissey,morrijo04,26,WPG,D,46,6,15,21,-2,24,3.4,2,4,0,2,9,6,0,92,6.5,1059,23:02,59,90,0,0,
635,Janis Moser,moserja01,21,ARI,D,22,3,5,8,-2,10,1.4,2,1,0,1,5,0,0,20,15.0,407,18:31,19,13,0,0,
636,Tyler Motte,mottety01,26,VAN,C,36,5,6,11,2,16,0.9,4,0,1,1,6,0,0,61,8.2,503,13:58,35,61,2,4,33.3
637,Jacob Moverare,moverja01,23,LAK,D,3,0,1,1,2,0,0.3,0,0,0,0,1,0,0,5,0.0,53,17:31,3,2,0,0,
638,Connor Murphy,murphco02,28,CHI,D,48,4,4,8,-13,35,1.8,4,0,0,1,4,0,0,61,6.6,1072,22:20,127,106,0,0,
639,Brett Murray,murrabr02,23,BUF,LW,19,2,4,6,-3,23,0.3,2,0,0,0,3,1,0,14,14.3,247,12:59,2,17,0,0,
640,Ryan Murray,murrary01,28,COL,D,24,0,4,4,-3,2,0.2,0,0,0,0,3,0,1,17,0.0,340,14:10,30,17,0,0,
641,Jake Muzzin,muzzija01,32,TOR,D,40,2,10,12,-7,12,1.5,2,0,0,0,9,0,1,59,3.4,846,21:09,53,82,0,0,
642,Philippe Myers,myersph01,25,NSH,D,21,0,3,3,5,10,1.0,0,0,0,0,3,0,0,24,0.0,319,15:13,15,37,0,0,
643,Tyler Myers,myersty01,31,VAN,D,51,0,11,11,9,48,3.0,0,0,0,0,11,0,0,82,0.0,1145,22:27,105,99,0,0,
644,Vladislav Namestnikov,namesvl01,29,DET,C,49,13,10,23,1,25,2.4,12,0,1,0,10,0,0,66,19.7,746,15:14,26,31,7,7,50.0
645,Riley Nash,nashri02,32,TOT,C,40,0,2,2,-5,10,-0.8,0,0,0,0,2,0,0,30,0.0,452,11:18,14,33,170,153,52.6
646,Riley Nash,nashri02,32,ARI,C,15,0,2,2,-3,4,-0.2,0,0,0,0,2,0,0,14,0.0,206,13:43,6,12,112,102,52.3
647,Riley Nash,nashri02,32,WPG,C,15,0,0,0,-1,4,-0.3,0,0,0,0,0,0,0,7,0.0,132,8:49,5,11,21,18,53.8
648,Riley Nash,nashri02,32,TBL,C,10,0,0,0,-1,2,-0.2,0,0,0,0,0,0,0,9,0.0,114,11:22,3,10,37,33,52.9
649,James Neal,nealja01,34,STL,LW,19,2,2,4,-1,0,0.2,1,1,0,1,1,1,0,31,6.5,227,11:58,3,17,0,2,0.0
650,Martin Necas,necasma01,23,CAR,C,44,8,18,26,5,16,2.3,7,1,0,4,16,2,0,83,9.6,731,16:37,15,39,22,22,50.0
651,Jake Neighbours,neighja01,19,STL,LW,9,1,1,2,-2,2,0.1,1,0,0,1,1,0,0,8,12.5,84,9:21,1,10,1,2,33.3
652,Brock Nelson,nelsobr01,30,NYI,C,35,16,9,25,-3,23,3.2,13,3,0,1,6,3,0,78,20.5,603,17:14,22,23,228,237,49.0
653,Patrik Nemeth,nemetpa01,29,NYR,D,38,0,2,2,-12,12,0.1,0,0,0,0,2,0,0,33,0.0,657,17:17,71,61,0,0,
654,Alex Newhook,newhoal01,21,COL,C,39,11,7,18,4,10,1.9,8,3,0,4,6,1,0,63,17.5,521,13:21,12,25,97,186,34.3
655,Valeri Nichushkin,nichuva01,26,COL,RW,33,13,13,26,19,8,3.3,9,2,2,2,13,0,0,91,14.3,595,18:02,15,55,0,5,0.0
656,Nino Niederreiter,niedeni01,29,CAR,RW,42,14,10,24,12,14,3.2,11,3,0,4,9,1,0,77,18.2,610,14:31,11,64,6,11,35.3
657,Markus Niemeläinen,niemema01,23,EDM,D,12,0,0,0,1,4,0.2,0,0,0,0,0,0,0,9,0.0,164,13:38,13,55,0,0,
658,Matthew Nieto,nietoma01,29,SJS,LW,41,4,6,10,-17,6,0.0,4,0,0,0,6,0,0,45,8.9,587,14:19,31,63,2,9,18.2
659,Sami Niku,nikusa01,25,MTL,D,13,0,6,6,3,2,1.0,0,0,0,0,5,1,0,14,0.0,199,15:17,17,6,0,0,
660,Stefan Noesen,noesest01,28,CAR,RW,2,0,0,0,1,0,0.0,0,0,0,0,0,0,0,4,0.0,29,14:20,0,5,0,0,
661,Mattias Norlinder,norlima01,21,MTL,D,6,0,1,1,2,2,0.3,0,0,0,0,1,0,0,2,0.0,74,12:18,3,4,0,0,
662,Joshua Norris,norrijo01,22,OTT,C,36,18,8,26,-2,10,3.4,11,7,0,4,7,1,0,92,19.6,668,18:34,32,46,284,278,50.5
663,Tomas Nosek,nosekto01,29,BOS,C,43,3,7,10,-6,18,0.3,3,0,0,1,6,0,1,48,6.3,594,13:49,20,42,215,190,53.1
664,Thomas Novak,novakth01,24,NSH,C,27,1,6,7,-4,2,0.1,0,1,0,0,3,3,0,25,4.0,318,11:48,6,4,62,79,44.0
665,Ryan Nugent-Hopkins,nugenry01,28,EDM,C,42,7,29,36,8,8,3.0,6,0,1,1,12,15,2,108,6.5,849,20:13,20,30,89,136,39.6
666,Darnell Nurse,nurseda01,26,EDM,D,42,6,15,21,7,34,3.9,5,0,1,0,10,5,0,146,4.1,1104,26:17,75,132,0,0,
667,Markus Nutivaara,nutivma01,27,FLA,D,1,0,1,1,0,0,0.1,0,0,0,0,1,0,0,0,,7,7:01,0,1,0,0,
668,William Nylander,nylanwi01,25,TOR,C,48,19,28,47,-4,10,4.9,13,6,0,4,14,14,0,161,11.8,895,18:38,12,8,14,11,56.0
669,Gustav Nyquist,nyquigu01,32,CBJ,RW,48,12,18,30,-7,14,2.5,7,1,4,0,18,0,0,60,20.0,806,16:47,33,26,7,9,43.8
670,Liam O'Brien,obrieli01,27,ARI,C,34,2,1,3,2,94,0.1,2,0,0,0,1,0,0,26,7.7,315,9:17,8,113,4,5,44.4
671,Drew O'Connor,oconndr01,23,PIT,F,22,3,2,5,-1,4,0.4,3,0,0,0,2,0,0,40,7.5,226,10:17,7,12,18,34,34.6
672,Logan O'Connor,oconnlo01,25,COL,RW,49,6,11,17,9,23,1.1,5,0,1,1,8,0,3,92,6.5,734,14:59,38,57,3,14,17.6
673,Danny O'Regan,oregada01,28,ANA,C,1,0,0,0,0,0,0.0,0,0,0,0,0,0,0,0,,19,18:32,2,0,8,10,44.4
674,Ryan O'Reilly,oreilry01,30,STL,C,45,11,21,32,2,4,2.7,6,5,0,0,18,3,0,102,10.8,872,19:23,22,15,536,438,55.0
675,Jordan Oesterle,oestejo01,29,DET,D,27,1,4,5,-1,4,1.0,1,0,0,1,4,0,0,40,2.5,499,18:29,28,13,0,0,
676,Kyle Okposo,okposky01,33,BUF,RW,45,11,16,27,-10,31,2.3,5,5,1,1,12,4,0,112,9.8,752,16:42,10,35,75,69,52.1
677,Jamie Oleksiak,oleksja01,29,SEA,D,41,1,10,11,0,41,2.1,1,0,0,0,10,0,0,57,1.8,787,19:12,42,110,0,0,
678,Mathieu Olivier,olivima01,24,NSH,F,8,0,1,1,-2,12,-0.1,0,0,0,0,1,0,0,3,0.0,86,10:44,4,17,0,1,0.0
679,Victor Olofsson,olofsvi01,26,BUF,RW,41,7,16,23,-18,6,1.3,6,1,0,1,13,3,0,84,8.3,655,15:59,11,4,0,0,
680,Dmitry Orlov,orlovdm01,30,WSH,D,48,7,17,24,17,38,4.9,5,2,0,4,16,1,0,75,9.3,1013,21:06,60,84,0,0,
681,T.J. Oshie,oshietj01,35,WSH,C,18,5,8,13,-4,8,1.1,4,1,0,1,4,3,1,27,18.5,316,17:34,11,36,26,42,38.2
682,Alex Ovechkin,ovechal01,36,WSH,LW,50,31,31,62,14,6,8.0,22,8,1,3,23,8,0,225,13.8,1084,21:41,12,91,3,7,30.0
683,Max Pacioretty,pacioma01,33,VEG,LW,23,14,11,25,5,25,3.4,10,4,0,3,7,4,0,87,16.1,409,17:47,13,20,1,2,33.3
684,Jean-Gabriel Pageau,pageaje01,29,NYI,C,42,7,8,15,-6,15,1.1,5,2,0,0,5,1,2,72,9.7,716,17:03,24,87,393,294,57.2
685,Ondrej Palat,palaton01,30,TBL,LW,44,15,17,32,11,14,3.7,14,1,0,5,13,4,0,89,16.9,769,17:28,27,72,1,6,14.3
686,Kyle Palmieri,palmiky01,30,NYI,RW,31,3,6,9,-12,41,0.1,3,0,0,0,5,1,0,69,4.3,491,15:50,8,40,2,7,22.2
687,Artemi Panarin,panarar01,30,NYR,LW,44,13,40,53,1,14,5.3,9,4,0,4,20,20,0,114,11.4,853,19:23,11,12,0,1,0.0
688,Richard Panik,panikri01,30,NYI,RW,4,0,1,1,-2,0,-0.1,0,0,0,0,0,1,0,4,0.0,60,14:55,2,9,1,1,50.0
689,Cedric Paquette,paquece01,28,MTL,C,24,0,2,2,-6,25,-0.3,0,0,0,0,2,0,0,16,0.0,213,8:52,14,58,31,73,29.8
690,Colton Parayko,parayco01,28,STL,D,47,5,15,20,-9,12,2.5,5,0,0,1,14,1,0,81,6.2,1127,23:59,110,48,0,0,
691,Zach Parise,parisza01,37,NYI,LW,44,4,11,15,-5,18,0.9,3,0,1,2,7,4,0,70,5.7,638,14:30,27,31,15,23,39.5
692,David Pastrnak,pastrda01,25,BOS,RW,49,25,21,46,-1,14,5.8,13,12,0,6,16,5,0,212,11.8,934,19:04,8,40,6,9,40.0
693,Greg Pateryn,patergr01,31,ANA,D,10,1,1,2,0,10,0.5,1,0,0,0,1,0,0,16,6.3,141,14:07,7,18,0,0,
694,Nolan Patrick,patrino01,23,VEG,C,18,2,4,6,4,2,0.6,2,0,0,0,4,0,0,27,7.4,216,12:00,1,14,75,68,52.4
695,Nick Paul,paulni01,26,OTT,LW,47,9,7,16,-15,18,0.8,7,2,0,1,7,0,0,109,8.3,821,17:28,34,56,264,280,48.5
696,Joe Pavelski,paveljo01,37,DAL,C,48,21,31,52,15,10,6.5,12,9,0,1,24,7,0,131,16.0,870,18:08,43,59,246,203,54.8
697,Tanner Pearson,pearsta01,29,VAN,LW,47,8,13,21,1,30,1.7,7,1,0,1,11,2,0,116,6.9,763,16:14,32,56,11,19,36.7
698,Matthew Peca,pecama01,28,STL,C,5,0,1,1,-1,0,0.0,0,0,0,0,1,0,0,3,0.0,48,9:38,1,3,5,7,41.7
699,Lane Pederson,pederla01,24,SJS,F,25,0,2,2,-13,8,-0.6,0,0,0,0,2,0,0,20,0.0,266,10:38,9,50,35,40,46.7
700,Andrew Peeke,peekean01,23,CBJ,D,48,1,9,10,-11,32,0.7,1,0,0,0,9,0,0,33,3.0,969,20:11,93,114,0,0,
701,Adam Pelech,pelecad01,27,NYI,D,40,2,12,14,14,8,3.9,2,0,0,0,11,0,1,46,4.3,850,21:15,64,56,0,0,
702,Cole Perfetti,perfeco01,20,WPG,C,18,2,5,7,1,0,0.5,2,0,0,1,4,1,0,21,9.5,255,14:09,2,17,0,3,0.0
703,Brendan Perlini,perlibr01,25,EDM,LW,22,4,1,5,-2,6,0.5,4,0,0,0,1,0,0,23,17.4,185,8:26,3,27,0,1,0.0
704,Jacob Perreault,perreja01,19,ANA,RW,1,0,0,0,-1,0,-0.1,0,0,0,0,0,0,0,0,,11,11:05,1,0,0,0,
705,Mathieu Perreault,perrema01,34,MTL,C,14,3,1,4,0,4,0.5,3,0,0,0,1,0,0,15,20.0,175,12:29,6,16,32,31,50.8
706,David Perron,perroda01,33,STL,LW,36,9,15,24,0,26,2.2,5,4,0,1,8,7,0,83,10.8,608,16:53,7,44,1,2,33.3
707,Corey Perry,perryco01,36,TBL,RW,49,13,13,26,7,43,2.9,10,3,0,2,12,1,0,95,13.7,692,14:08,18,49,0,2,0.0
708,Scott Perunovich,perunsc01,23,STL,D,19,0,6,6,2,8,0.9,0,0,0,0,3,3,0,14,0.0,294,15:27,12,5,0,0,
709,Brett Pesce,pescebr01,27,CAR,D,36,3,12,15,2,14,2.7,2,1,0,1,10,2,0,72,4.2,776,21:34,52,23,0,0,
710,John-Jason Peterka,peterjo01,20,BUF,RW,2,0,0,0,0,0,0.0,0,0,0,0,0,0,0,3,0.0,32,16:08,2,1,0,0,
711,Jacob Peterson,peterja01,22,DAL,C,41,9,2,11,-3,8,1.1,9,0,0,4,2,0,0,57,15.8,487,11:52,16,15,41,34,54.7
712,Jeff Petry,petryje01,34,MTL,D,42,2,7,9,-12,24,1.3,2,0,0,0,5,1,1,63,3.2,951,22:39,53,94,0,0,
713,Elias Pettersson,petteel01,23,VAN,C,51,14,18,32,1,8,3.2,8,5,1,1,10,8,0,102,13.7,924,18:07,29,23,165,219,43.0
714,Marcus Pettersson,pettema01,25,PIT,D,47,1,11,12,6,26,2.4,1,0,0,0,11,0,0,44,2.3,743,15:49,43,86,0,0,
715,Michael Pezzetta,pezzemi01,23,MTL,C,30,4,2,6,-10,68,0.3,4,0,0,0,2,0,0,31,12.9,236,7:52,3,83,3,4,42.9
716,Isaak Phillips,phillis01,20,CHI,D,3,0,0,0,-1,4,0.0,0,0,0,0,0,0,0,2,0.0,33,10:51,0,1,0,0,
717,Alex Pietrangelo,pietral01,32,VEG,D,48,7,20,27,0,34,4.2,4,2,1,0,12,7,1,132,5.3,1224,25:30,110,40,0,0,
718,Garrett Pilon,pilonga01,23,WSH,C,2,1,0,1,1,0,0.2,1,0,0,0,0,0,0,1,100.0,19,9:25,0,2,8,10,44.4
719,Shane Pinto,pintosh01,21,OTT,C,5,0,1,1,0,2,0.0,0,0,0,0,0,1,0,5,0.0,65,12:57,1,0,17,35,32.7
720,Neal Pionk,pionkne01,26,WPG,D,44,2,17,19,3,26,3.1,1,1,0,1,11,6,0,91,2.2,977,22:12,55,109,0,0,
721,Rem Pitlick,pitlire01,24,TOT,C,33,9,9,18,-6,16,1.7,9,0,0,1,9,0,0,26,34.6,397,12:01,8,14,5,3,62.5
722,Rem Pitlick,pitlire01,24,MIN,C,20,6,5,11,1,12,1.3,6,0,0,1,5,0,0,13,46.2,194,9:43,5,7,3,1,75.0
723,Rem Pitlick,pitlire01,24,MTL,C,13,3,4,7,-7,4,0.4,3,0,0,0,4,0,0,13,23.1,202,15:33,3,7,2,2,50.0
724,Tyler Pitlick,pitlity01,30,CGY,C,25,0,2,2,-5,2,-0.5,0,0,0,0,2,0,0,19,0.0,292,11:41,16,55,1,3,25.0
725,Vasily Podkolzin,podkova01,20,VAN,RW,48,7,5,12,6,14,1.2,7,0,0,1,4,1,0,64,10.9,593,12:21,20,53,6,4,60.0
726,Ryan Poehling,poehlry01,23,MTL,C,35,5,5,10,-17,4,0.2,4,1,0,1,5,0,0,59,8.5,446,12:44,11,28,133,167,44.3
727,Austin Poganski,poganau01,25,WPG,RW,12,0,0,0,-3,7,-0.3,0,0,0,0,0,0,0,7,0.0,109,9:05,3,19,0,0,
728,Brayden Point,pointbr01,25,TBL,C,35,18,16,34,3,20,4.0,15,3,0,3,11,5,0,103,17.5,693,19:49,9,26,195,190,50.6
729,Tucker Poolman,poolmtu01,28,VAN,D,39,1,2,3,3,12,1.4,1,0,0,0,2,0,0,47,2.1,676,17:19,73,31,0,0,
730,Andrew Poturalski,poturan01,28,CAR,C,2,0,2,2,-1,0,0.1,0,0,0,0,0,2,0,4,0.0,20,10:09,1,0,3,4,42.9
731,Chase Priskie,priskch02,25,FLA,D,4,0,0,0,2,2,0.1,0,0,0,0,0,0,0,4,0.0,56,14:00,3,3,0,0,
732,Aliaksei Protas,protaal01,21,WSH,C,33,3,6,9,4,0,0.7,3,0,0,0,5,1,0,34,8.8,391,11:50,12,20,56,69,44.8
733,Ivan Provorov,provoiv01,25,PHI,D,46,5,13,18,-8,20,2.8,4,1,0,1,8,3,2,88,5.7,1157,25:10,99,34,0,0,
734,Ethan Prow,prowet01,29,BUF,D,4,1,0,1,-1,0,0.2,1,0,0,0,0,0,0,2,50.0,52,13:03,3,2,0,0,
735,Jesse Puljujarvi,puljuje01,23,EDM,RW,46,12,16,28,8,18,2.9,8,4,0,1,13,3,0,117,10.3,767,16:40,10,46,0,0,
736,Ryan Pulock,pulocry01,27,NYI,D,19,0,4,4,-11,2,0.2,0,0,0,0,2,2,0,35,0.0,384,20:12,46,39,0,0,
737,Mark Pysyk,pysykma01,30,BUF,D,49,1,8,9,-2,14,1.8,1,0,0,0,8,0,0,47,2.1,915,18:40,73,31,0,0,
738,Jack Quinn,quinnja01,20,BUF,RW,2,1,1,2,0,0,0.3,0,1,0,0,1,0,0,6,16.7,30,14:53,1,0,0,0,
739,Darren Raddysh,raddyda01,25,TBL,D,4,0,0,0,1,0,0.1,0,0,0,0,0,0,0,2,0.0,43,10:40,6,4,0,0,
740,Taylor Raddysh,raddyta01,23,TBL,RW,45,4,6,10,1,8,0.5,3,0,1,1,5,1,0,53,7.5,504,11:13,14,53,6,9,40.0
741,Alexander Radulov,radulal01,35,DAL,RW,42,2,14,16,-14,14,0.3,2,0,0,1,8,6,0,64,3.1,653,15:33,39,30,7,8,46.7
742,Michael Raffl,rafflmi01,33,DAL,LW,42,4,6,10,-10,6,0.1,4,0,0,0,4,0,2,50,8.0,620,14:45,18,70,6,6,50.0
743,Rickard Rakell,rakelri01,28,ANA,RW,42,12,11,23,-3,4,2.2,8,4,0,0,8,3,0,115,10.4,772,18:23,31,48,28,30,48.3
744,Sampo Ranta,rantasa01,21,COL,LW,10,0,0,0,-4,2,-0.4,0,0,0,0,0,0,0,9,0.0,109,10:54,6,9,2,2,50.0
745,Mikko Rantanen,rantami01,25,COL,RW,46,26,32,58,30,36,7.5,15,11,0,0,22,10,0,167,15.6,959,20:51,22,37,97,106,47.8
746,Victor Rask,raskvi01,28,MIN,C,29,5,8,13,7,2,1.4,5,0,0,0,8,0,0,30,16.7,311,10:44,2,9,83,83,50.0
747,Adam Raska,raskaad01,20,SJS,RW,5,0,0,0,1,7,0.0,0,0,0,0,0,0,0,2,0.0,40,8:03,0,15,0,0,
748,Michael Rasmussen,rasmumi01,22,DET,C,49,6,10,16,-20,32,0.3,6,0,0,1,9,1,0,79,7.6,721,14:43,40,63,279,288,49.2
749,Isaac Ratcliffe,ratclis01,22,PHI,LW,6,1,2,3,-1,6,0.3,1,0,0,0,0,2,0,8,12.5,63,10:26,4,12,0,1,0.0
750,Jack Rathbone,rathbja01,22,VAN,D,9,0,0,0,-5,2,-0.2,0,0,0,0,0,0,0,10,0.0,124,13:49,8,5,0,0,
751,Kyle Rau,rauky01,29,MIN,C,5,0,0,0,-3,0,-0.2,0,0,0,0,0,0,0,3,0.0,44,8:49,0,6,1,1,50.0
752,Lucas Raymond,raymolu01,19,DET,LW,51,13,26,39,0,8,3.7,9,4,0,1,17,9,0,110,11.8,925,18:08,14,35,8,9,47.1
753,Ryan Reaves,reavery01,35,NYR,RW,42,2,7,9,-8,26,0.1,2,0,0,0,7,0,0,28,7.1,447,10:39,9,177,0,1,0.0
754,Scott Reedy,reedysc01,22,SJS,C,5,0,0,0,-2,0,-0.1,0,0,0,0,0,0,0,2,0.0,52,10:27,5,1,6,14,30.0
755,Alec Regula,regulal01,21,CHI,D,1,0,0,0,0,0,0.0,0,0,0,0,0,0,0,0,,12,11:54,0,1,0,0,
756,Kristian Reichel,reichkr01,23,WPG,F,12,1,1,2,-2,5,0.0,1,0,0,0,1,0,0,16,6.3,124,10:20,10,13,0,0,
757,Lukas Reichel,reichlu01,19,CHI,LW,3,0,0,0,0,0,-0.1,0,0,0,0,0,0,0,7,0.0,48,16:09,1,0,9,12,42.9
758,Mike Reilly,reillmi01,28,BOS,D,43,4,9,13,-1,12,2.7,3,0,1,0,7,2,0,81,4.9,818,19:01,36,56,0,0,
759,Sam Reinhart,reinhsa01,26,FLA,C,46,17,29,46,22,6,5.2,12,5,0,3,20,7,2,103,16.5,802,17:26,19,31,101,108,48.3
760,Dan Renouf,renouda01,27,DET,D,4,0,0,0,-2,7,-0.1,0,0,0,0,0,0,0,3,0.0,56,14:00,2,4,0,0,
761,Brad Richardson,richabr02,36,CGY,C,24,2,2,4,-1,23,0.2,2,0,0,0,2,0,0,14,14.3,239,9:58,9,37,72,49,59.5
762,Morgan Rielly,riellmo01,27,TOR,D,48,6,36,42,13,26,6.6,4,2,0,3,21,13,2,126,4.8,1166,24:18,47,50,0,0,
763,Juuso Riikola,riikoju01,28,PIT,D,5,0,1,1,2,2,0.3,0,0,0,0,1,0,0,7,0.0,67,13:23,2,13,0,0,
764,Rasmus Ristolainen,ristora01,27,PHI,D,42,2,9,11,-12,18,1.3,2,0,0,0,9,0,0,60,3.3,886,21:05,71,146,0,0,
765,Brett Ritchie,ritchbr01,28,CGY,RW,24,0,0,0,-5,21,-0.6,0,0,0,0,0,0,0,37,0.0,229,9:31,4,36,0,1,0.0
766,Nick Ritchie,ritchni01,26,TOR,LW,33,2,7,9,-6,23,0.2,1,1,0,0,4,3,0,52,3.8,396,12:00,13,79,0,3,0.0
767,Jason Robertson,roberja01,22,DAL,LW,40,21,25,46,18,14,6.3,13,8,0,7,19,6,0,109,19.3,701,17:31,13,18,0,0,
768,Buddy Robinson,robinbu01,30,ANA,RW,23,1,3,4,1,10,0.2,1,0,0,0,3,0,0,28,3.6,217,9:27,6,43,0,5,0.0
769,Eric Robinson,robiner01,26,CBJ,LW,42,6,11,17,0,10,1.2,5,0,1,0,11,0,0,58,10.3,585,13:56,11,44,1,1,50.0
770,Evan Rodrigues,rodriev01,28,PIT,C,51,15,18,33,6,4,3.5,9,6,0,2,17,1,0,151,9.9,871,17:05,20,60,144,160,47.4
771,Alexander Romanov,romanal01,22,MTL,D,46,2,5,7,-13,31,0.9,2,0,0,0,5,0,0,55,3.6,873,18:59,76,162,0,0,
772,Kevin Rooney,rooneke01,28,NYR,C,46,6,4,10,1,10,0.7,6,0,0,1,4,0,0,57,10.5,645,14:02,36,59,126,154,45.0
773,Calle Rosen,rosenca01,27,STL,D,6,0,2,2,-1,2,0.2,0,0,0,0,2,0,0,5,0.0,93,15:33,6,0,0,0,
774,Jack Roslovic,rosloja01,25,CBJ,C,47,8,12,20,-7,2,1.5,8,0,0,1,12,0,0,65,12.3,558,11:52,10,28,175,218,44.5
775,Marco Rossi,rossima01,20,MIN,C,2,0,0,0,-1,4,-0.1,0,0,0,0,0,0,0,5,0.0,31,15:35,1,1,7,15,31.8
776,Antoine Roussel,roussan01,32,ARI,LW,41,3,2,5,-17,53,-0.6,3,0,0,1,2,0,0,43,7.0,481,11:43,27,54,16,20,44.4
777,Carter Rowney,rowneca01,32,DET,RW,22,2,2,4,-3,0,0.1,2,0,0,0,1,0,1,11,18.2,236,10:43,18,31,56,73,43.4
778,Matt Roy,royma04,26,LAK,D,48,0,14,14,12,18,3.1,0,0,0,0,10,2,2,118,0.0,1010,21:03,75,87,0,0,
779,Nicolas Roy,royni01,24,VEG,C,46,8,14,22,8,39,1.9,7,1,0,1,11,3,0,90,8.9,763,16:36,23,46,307,336,47.7
780,Kristians Rubins,rubinkr01,24,TOR,D,3,0,0,0,-2,4,-0.1,0,0,0,0,0,0,0,5,0.0,35,11:45,2,12,0,0,
781,Chad Ruhwedel,ruhwech01,31,PIT,D,47,1,5,6,3,4,1.6,1,0,0,0,5,0,0,48,2.1,725,15:25,43,91,0,0,
782,Arttu Ruotsalainen,ruotsar01,24,BUF,F,18,2,2,4,-1,6,0.2,2,0,0,0,2,0,0,23,8.7,214,11:53,6,14,51,69,42.5
783,Kris Russell,russekr01,34,EDM,D,20,0,4,4,6,4,1.0,0,0,0,0,4,0,0,19,0.0,305,15:15,48,15,0,0,
784,Bryan Rust,rustbr01,29,PIT,RW,29,17,20,37,7,8,4.7,10,7,0,1,12,8,0,97,17.5,541,18:38,15,20,1,4,20.0
785,Jan Rutta,ruttaja02,31,TBL,D,45,2,10,12,13,32,2.8,2,0,0,0,10,0,0,49,4.1,756,16:48,46,52,0,0,
786,Adam Ruzicka,ruzicad01,22,CGY,C,17,4,3,7,5,6,1.0,4,0,0,0,3,0,0,23,17.4,170,10:01,3,12,64,70,47.8
787,Derek Ryan,ryande01,35,EDM,C,45,4,6,10,-7,6,0.2,4,0,0,1,6,0,0,36,11.1,504,11:12,16,19,205,151,57.6
788,Jonas Røndbjerg,rondbjo01,22,VEG,RW,15,2,2,4,3,2,0.4,2,0,0,0,2,0,0,12,16.7,152,10:10,5,7,0,2,0.0
789,Brandon Saad,saadbr01,29,STL,LW,45,16,11,27,4,6,3.0,10,5,1,1,8,2,1,96,16.7,739,16:25,13,14,4,8,33.3
790,Scott Sabourin,sabousc01,29,OTT,F,4,0,0,0,-1,7,-0.1,0,0,0,0,0,0,0,3,0.0,24,6:00,1,9,1,0,100.0
791,Robin Salo,saloro01,23,NYI,D,18,1,3,4,-4,4,0.7,1,0,0,0,2,1,0,22,4.5,307,17:03,19,5,0,0,
792,Dylan Samberg,sambedy01,23,WPG,D,6,0,2,2,-1,2,0.2,0,0,0,0,2,0,0,8,0.0,84,14:00,9,7,0,0,
793,Dmitri Samorukov,samordm01,22,EDM,D,1,0,0,0,-2,0,-0.1,0,0,0,0,0,0,0,0,,2,2:28,0,0,0,0,
794,Mattias Samuelsson,samuema02,21,BUF,D,12,0,1,1,-2,6,0.2,0,0,0,0,1,0,0,11,0.0,220,18:20,18,21,0,0,
795,Linus Sandin,sandili01,25,PHI,F,1,0,0,0,0,0,0.0,0,0,0,0,0,0,0,1,0.0,7,6:59,2,0,0,0,
796,Rasmus Sandin,sandira01,21,TOR,D,42,2,10,12,7,2,2.4,2,0,0,1,7,3,0,39,5.1,712,16:58,34,71,0,0,
797,Zach Sanford,sanfoza01,27,OTT,LW,48,8,7,15,-10,32,1.0,7,1,0,0,5,2,0,66,12.1,661,13:47,38,100,4,10,28.6
798,Travis Sanheim,sanhetr01,25,PHI,D,47,4,13,17,3,16,3.3,4,0,0,1,13,0,0,72,5.6,1057,22:30,66,33,0,0,
799,David Savard,savarda01,31,MTL,D,42,1,8,9,-17,24,0.7,1,0,0,0,7,0,1,42,2.4,870,20:43,92,95,0,0,
800,Marco Scandella,scandma01,31,STL,D,45,1,9,10,3,14,1.8,1,0,0,0,7,0,2,53,1.9,787,17:29,51,61,0,0,
801,Colton Sceviour,scevico01,32,EDM,C,30,2,3,5,-3,26,0.0,2,0,0,0,2,0,1,36,5.6,304,10:07,19,38,27,31,46.6
802,Mark Scheifele,scheima01,28,WPG,C,43,17,23,40,-14,10,3.6,12,5,0,2,15,8,0,105,16.2,921,21:26,30,25,286,284,50.2
803,Brayden Schenn,schenbr01,30,STL,C,33,14,13,27,9,20,3.3,9,5,0,2,10,3,0,57,24.6,564,17:06,6,47,119,127,48.4
804,Luke Schenn,schenlu01,32,VAN,D,35,3,7,10,11,28,2.8,3,0,0,1,7,0,0,38,7.9,598,17:05,51,152,0,0,
805,Nick Schmaltz,schmani01,25,ARI,C,30,8,11,19,-5,4,1.7,8,0,0,0,9,2,0,49,16.3,487,16:14,8,7,52,66,44.1
806,Nate Schmidt,schmina01,30,WPG,D,48,3,21,24,0,10,3.5,2,1,0,1,11,10,0,81,3.7,1022,21:18,66,23,0,0,
807,Braden Schneider,schnebr01,20,NYR,D,12,1,3,4,0,0,0.7,1,0,0,0,2,1,0,11,9.1,199,16:35,13,21,0,0,
808,Corey Schueneman,schueco01,26,MTL,D,6,0,2,2,1,6,0.4,0,0,0,0,2,0,0,6,0.0,100,16:37,6,3,0,0,
809,Justin Schultz,schulju01,31,WSH,D,46,2,11,13,-1,8,1.8,1,1,0,1,9,2,0,49,4.1,789,17:10,50,19,0,0,
810,Jaden Schwartz,schwaja01,29,SEA,C,29,6,14,20,-12,10,1.4,5,1,0,0,12,2,0,70,8.6,536,18:28,9,35,12,14,46.2
811,Cole Schwindt,schwico01,20,FLA,RW,1,0,0,0,-2,0,-0.1,0,0,0,0,0,0,0,0,,9,9:27,0,5,2,3,40.0
812,Nick Seeler,seeleni01,28,PHI,D,31,1,2,3,-1,22,0.7,1,0,0,0,2,0,0,22,4.5,416,13:25,44,55,0,0,
813,Tyler Seguin,seguity01,30,DAL,C,48,16,11,27,-9,22,2.7,13,3,0,1,5,6,0,124,12.9,852,17:45,17,58,268,209,56.2
814,Moritz Seider,seidemo01,20,DET,D,51,5,30,35,2,26,5.2,3,2,0,3,15,13,2,107,4.7,1166,22:51,98,74,0,0,
815,Andrej Sekera,sekeran01,35,DAL,D,24,0,3,3,-2,12,0.6,0,0,0,0,3,0,0,18,0.0,335,13:56,17,12,0,0,
816,Kirill Semyonov,semyoki01,27,TOR,C,3,0,0,0,-2,0,-0.1,0,0,0,0,0,0,0,1,0.0,30,10:02,0,4,1,1,50.0
817,Brett Seney,seneybr01,25,TOR,LW,2,0,0,0,0,0,0.0,0,0,0,0,0,0,0,1,0.0,14,7:01,2,3,0,5,0.0
818,Mikhail Sergachev,sergami01,23,TBL,D,45,2,22,24,7,25,3.7,2,0,0,0,17,4,1,79,2.5,1022,22:43,72,69,0,0,
819,Damon Severson,severda01,27,NJD,D,48,6,21,27,-16,45,3.2,4,2,0,0,12,8,1,103,5.8,1129,23:31,59,50,0,0,
820,Michael Sgarbossa,sgarbmi01,29,WSH,C,10,2,2,4,3,0,0.5,2,0,0,0,2,0,0,11,18.2,99,9:54,2,7,41,31,56.9
821,Yegor Sharangovich,sharaye01,23,NJD,C,44,10,14,24,-6,6,2.1,9,1,0,2,13,1,0,88,11.4,683,15:31,15,17,56,76,42.4
822,Kevin Shattenkirk,shattke01,33,ANA,D,52,7,19,26,-1,18,4.4,6,1,0,1,8,11,0,99,7.1,1071,20:36,81,36,0,0,
823,Logan Shaw,shawlo01,30,OTT,RW,17,1,2,3,-3,2,0.1,1,0,0,0,2,0,0,17,5.9,159,9:23,5,11,58,57,50.4
824,Mason Shaw,shawma01,23,MIN,C,2,0,0,0,-2,0,-0.1,0,0,0,0,0,0,0,3,0.0,18,8:54,1,2,1,2,33.3
825,Riley Sheahan,sheahri01,30,SEA,C,38,1,6,7,4,0,0.3,1,0,0,0,6,0,0,37,2.7,431,11:21,15,9,153,175,46.6
826,Conor Sheary,shearco01,29,WSH,LW,42,11,12,23,-1,8,2.2,10,1,0,3,9,3,0,75,14.7,658,15:40,23,25,5,9,35.7
827,Kiefer Sherwood,sherwki01,26,COL,RW,11,1,1,2,3,0,0.2,1,0,0,1,1,0,0,9,11.1,94,8:34,4,12,1,0,100.0
828,Kole Sherwood,sherwko01,25,NSH,RW,1,0,0,0,0,0,0.0,0,0,0,0,0,0,0,2,0.0,8,8:08,0,3,0,0,
829,Devin Shore,shorede01,27,EDM,C,29,2,3,5,-4,6,0.1,2,0,0,0,3,0,0,17,11.8,263,9:05,15,44,57,55,50.9
830,Jonas Siegenthaler,siegejo01,24,NJD,D,50,0,10,10,-6,32,1.6,0,0,0,0,9,0,1,68,0.0,1042,20:50,77,54,0,0,
831,Dylan Sikura,sikurdy01,26,COL,C,5,0,1,1,0,0,0.0,0,0,0,0,1,0,0,3,0.0,50,9:57,3,0,0,0,
832,Jakob Silfverberg,silfvja01,31,ANA,LW,46,3,15,18,1,26,1.0,2,1,0,0,11,4,0,104,2.9,795,17:17,38,14,8,14,36.4
833,Cole Sillinger,sillico01,18,CBJ,C,45,7,9,16,-15,23,0.6,7,0,0,1,8,1,0,84,8.3,624,13:52,28,34,207,204,50.4
834,Radim Simek,simekra01,29,SJS,D,29,1,1,2,-10,6,0.1,1,0,0,0,1,0,0,20,5.0,399,13:47,32,72,0,0,
835,Wayne Simmonds,simmowa01,33,TOR,RW,46,4,9,13,-3,47,0.8,4,0,0,2,8,1,0,61,6.6,441,9:36,6,79,2,3,40.0
836,Dominik Simon,simondo01,27,PIT,C,45,3,6,9,3,16,0.6,3,0,0,1,5,1,0,55,5.5,438,9:44,21,45,4,10,28.6
837,Colton Sissons,sissoco01,28,NSH,C,47,5,15,20,3,10,1.3,4,1,0,0,13,2,0,48,10.4,751,15:59,27,101,407,343,54.3
838,Jeff Skinner,skinnje01,29,BUF,LW,48,20,16,36,-4,14,4.2,17,3,0,3,12,4,0,151,13.2,827,17:13,13,14,49,66,42.6
839,Brady Skjei,skjeibr01,27,CAR,D,48,7,13,20,12,26,4.5,7,0,0,0,13,0,0,104,6.7,996,20:45,42,58,0,0,
840,Jaccob Slavin,slavija01,27,CAR,D,46,3,25,28,12,10,5.0,2,1,0,0,18,6,1,93,3.2,1093,23:45,85,35,0,0,
841,Josiah Slavin,slavijo01,23,CHI,LW,14,0,1,1,0,4,-0.1,0,0,0,0,1,0,0,12,0.0,166,11:51,4,11,26,34,43.3
842,Brendan Smith,smithbr05,32,CAR,D,27,3,2,5,4,19,1.5,3,0,0,1,2,0,0,36,8.3,395,14:37,25,45,0,0,
843,C.J. Smith,smithcj01,27,CAR,LW,1,0,0,0,-1,0,-0.1,0,0,0,0,0,0,0,0,,9,9:22,0,1,0,0,
844,Cole Smith,smithco02,26,NSH,F,8,0,0,0,-3,0,-0.2,0,0,0,0,0,0,0,3,0.0,71,8:50,1,21,0,1,0.0
845,Craig Smith,smithcr01,32,BOS,C,42,6,10,16,-5,18,1.2,6,0,0,1,8,2,0,108,5.6,610,14:32,14,58,2,8,20.0
846,Gemel Smith,smithge02,27,DET,C,3,0,1,1,-2,5,0.0,0,0,0,0,1,0,0,1,0.0,20,6:46,1,0,6,4,60.0
847,Givani Smith,smithgi01,23,DET,RW,41,4,2,6,-5,91,0.3,4,0,0,0,2,0,0,40,10.0,326,7:58,19,69,0,0,
848,Reilly Smith,smithre01,30,VEG,RW,48,14,19,33,5,6,3.4,9,3,2,2,13,4,2,125,11.2,858,17:52,18,47,2,4,33.3
849,Ty Smith,smithty01,21,NJD,D,42,1,12,13,-16,4,0.9,1,0,0,0,8,4,0,45,2.2,744,17:43,45,21,0,0,
850,Joe Snively,snivejo01,26,WSH,F,9,4,3,7,5,2,1.1,3,1,0,0,3,0,0,16,25.0,105,11:42,2,2,0,0,
851,Victor Soderstrom,sodervi01,20,ARI,D,13,0,0,0,-6,4,-0.2,0,0,0,0,0,0,0,10,0.0,212,16:18,17,9,0,0,
852,Egor Sokolov,sokoleg01,21,OTT,F,8,0,0,0,-6,4,-0.3,0,0,0,0,0,0,0,8,0.0,83,10:22,4,13,0,0,
853,Carson Soucy,soucyca01,27,SEA,D,34,6,7,13,7,23,3.1,5,0,1,0,5,2,0,45,13.3,576,16:57,38,61,0,0,
854,Blake Speers,speerbl01,25,ARI,C,2,0,0,0,-3,2,-0.1,0,0,0,0,0,0,0,1,0.0,18,9:10,2,3,6,5,54.5
855,Jason Spezza,spezzja01,38,TOR,C,44,9,8,17,-4,16,1.6,6,3,0,0,2,6,0,62,14.5,492,11:11,18,17,216,176,55.1
856,Daniel Sprong,spronda01,24,WSH,RW,42,8,5,13,4,8,1.3,8,0,0,0,5,0,0,91,8.8,540,12:52,11,31,0,2,0.0
857,Jared Spurgeon,spurgja01,32,MIN,D,31,4,15,19,17,6,3.5,4,0,0,0,7,8,0,49,8.2,650,20:57,34,24,0,0,
858,Jordan Staal,staaljo01,33,CAR,C,46,3,12,15,2,10,0.6,2,1,0,0,11,1,0,81,3.7,776,16:53,19,147,438,328,57.2
859,Marc Staal,staalma01,35,DET,D,44,1,7,8,10,12,2.3,1,0,0,1,7,0,0,46,2.2,739,16:48,50,47,0,0,
860,Steven Stamkos,stamkst01,31,TBL,C,48,23,32,55,13,14,6.6,15,8,0,5,24,8,0,134,17.2,894,18:38,18,62,335,330,50.4
861,Logan Stanley,stanllo01,23,WPG,D,39,0,9,9,5,31,1.8,0,0,0,0,8,0,1,62,0.0,602,15:26,56,90,0,0,
862,Paul Stastny,stastpa01,36,WPG,C,38,12,10,22,4,10,2.5,10,2,0,2,8,2,0,66,18.2,657,17:18,15,12,73,57,56.2
863,Troy Stecher,stechtr01,27,DET,D,9,1,1,2,0,9,0.4,1,0,0,0,1,0,0,12,8.3,127,14:04,10,11,0,0,
864,Sam Steel,steelsa01,23,ANA,C,43,6,9,15,-2,10,1.2,6,0,0,1,7,2,0,45,13.3,526,12:14,22,18,140,139,50.2
865,Oskar Steen,steenos01,23,BOS,C,19,2,4,6,-1,6,0.5,2,0,0,0,4,0,0,22,9.1,207,10:55,6,29,1,5,16.7
866,Alex Steeves,steeval02,22,TOR,F,3,0,1,1,-1,0,0.0,0,0,0,0,1,0,0,2,0.0,24,7:58,1,1,0,0,
867,Kevin Stenlund,stenlke01,25,CBJ,C,3,0,0,0,0,2,0.0,0,0,0,0,0,0,0,3,0.0,23,7:32,2,2,1,0,100.0
868,Derek Stepan,stepade01,31,CAR,C,38,7,7,14,1,8,1.4,7,0,0,0,7,0,0,64,10.9,422,11:06,18,19,163,139,54.0
869,Mitchell Stephens,stephmi01,24,DET,C,16,0,4,4,-5,4,-0.1,0,0,0,0,4,0,0,13,0.0,192,12:00,8,9,83,89,48.3
870,Chandler Stephenson,stephch02,27,VEG,C,47,12,26,38,1,22,3.4,10,1,1,2,19,6,1,71,16.9,911,19:24,30,45,392,404,49.2
871,Riley Stillman,stillri01,23,CHI,D,28,1,9,10,-1,27,1.6,1,0,0,1,9,0,0,25,4.0,408,14:35,29,67,0,0,
872,Mark Stone,stonema01,29,VEG,RW,28,8,20,28,7,8,3.0,6,2,0,2,17,2,1,53,15.1,508,18:09,19,14,13,14,48.1
873,Michael Stone,stonemi01,31,CGY,D,2,0,0,0,1,0,0.1,0,0,0,0,0,0,0,5,0.0,33,16:32,4,5,0,0,
874,Anton Stralman,stralan01,35,ARI,D,41,4,6,10,-11,8,1.5,4,0,0,1,6,0,0,61,6.6,838,20:27,52,44,0,0,
875,Austin Strand,stranau01,24,LAK,D,4,0,2,2,2,0,0.4,0,0,0,0,2,0,0,4,0.0,63,15:49,2,3,0,0,
876,Dylan Strome,stromdy01,24,CHI,C,38,9,12,21,-6,22,2.0,4,5,0,1,7,5,0,67,13.4,575,15:07,18,6,202,172,54.0
877,Ryan Strome,stromry01,28,NYR,C,45,9,25,34,0,51,3.0,7,2,0,4,18,7,0,96,9.4,829,18:26,14,27,254,306,45.4
878,Marian Studenic,studema01,23,NJD,RW,17,1,0,1,-6,0,-0.3,1,0,0,0,0,0,0,24,4.2,201,11:48,10,12,1,3,25.0
879,Jack Studnicka,studnja01,22,BOS,C,9,0,2,2,-2,2,0.0,0,0,0,0,2,0,0,11,0.0,114,12:42,0,13,33,35,48.5
880,Nico Sturm,sturmni01,26,MIN,C,44,8,8,16,-4,8,1.0,6,1,1,0,8,0,0,60,13.3,537,12:13,19,50,174,167,51.0
881,Tim Stützle,stuetti02,20,OTT,LW,47,10,15,25,-17,25,1.7,7,3,0,3,8,7,0,99,10.1,851,18:06,28,74,69,132,34.3
882,P.K. Subban,subbapk01,32,NJD,D,47,3,14,17,-8,22,2.3,3,0,0,1,13,0,1,79,3.8,919,19:34,57,49,0,0,
883,C.J. Suess,frankcl01,27,WPG,LW,3,0,0,0,0,2,0.0,0,0,0,0,0,0,0,0,,17,5:43,5,2,2,2,50.0
884,Oskar Sundqvist,sundqos01,27,STL,C,33,4,10,14,9,10,1.3,4,0,0,0,10,0,0,48,8.3,455,13:48,16,36,47,62,43.1
885,Andrej Sustr,sustran01,31,TBL,D,13,1,0,1,-1,6,0.2,1,0,0,0,0,0,0,9,11.1,138,10:39,6,6,0,0,
886,Pius Suter,suterpi01,25,DET,F,51,11,12,23,-10,12,1.6,10,0,1,1,9,3,0,111,9.9,872,17:06,24,19,316,290,52.1
887,Ryan Suter,suterry01,37,DAL,D,48,4,15,19,1,22,3.8,2,2,0,0,9,6,0,73,5.5,1116,23:16,52,27,0,0,
888,Nick Suzuki,suzukni01,22,MTL,C,49,9,19,28,-22,18,1.5,4,4,1,2,11,7,1,109,8.3,987,20:08,37,58,408,433,48.5
889,Andrei Svechnikov,svechan01,21,CAR,RW,45,22,25,47,12,55,5.9,16,6,0,4,15,10,0,154,14.3,772,17:09,10,96,0,4,0.0
890,Evgeny Svechnikov,svechev01,25,WPG,LW,39,3,7,10,1,22,0.7,3,0,0,0,7,0,0,45,6.7,399,10:14,11,47,2,3,40.0
891,Brandon Tanev,tanevbr01,30,SEA,LW,30,9,6,15,4,13,1.9,6,2,1,3,6,0,0,51,17.6,437,14:34,22,98,1,1,50.0
892,Chris Tanev,tanevch01,32,CGY,D,48,4,14,18,26,12,4.9,4,0,0,2,14,0,0,52,7.7,990,20:38,79,28,0,0,
893,Vladimir Tarasenko,tarasvl01,30,STL,RW,44,18,27,45,-2,22,4.7,14,4,0,4,15,11,1,143,12.6,755,17:09,28,48,4,4,50.0
894,Tomas Tatar,tatarto01,31,NJD,LW,47,9,11,20,-12,14,1.3,7,2,0,0,8,3,0,80,11.3,697,14:50,14,43,7,15,31.8
895,John Tavares,tavarjo01,31,TOR,C,47,17,29,46,-2,18,4.7,11,6,0,1,20,9,0,150,11.3,859,18:16,26,39,495,306,61.8
896,Matt Tennyson,tennyma01,31,NSH,D,4,0,3,3,2,2,0.5,0,0,0,0,3,0,0,3,0.0,49,12:17,2,7,0,0,
897,Teuvo Teravainen,teravte01,27,CAR,F,43,12,26,38,14,18,4.2,4,6,2,1,13,13,0,125,9.6,771,17:55,21,11,9,13,40.9
898,Troy Terry,terrytr01,24,ANA,C,47,26,18,44,-3,18,5.7,19,7,0,7,12,6,0,108,24.1,814,17:19,13,4,0,3,0.0
899,Alexandre Texier,texieal01,22,CBJ,C,36,11,9,20,0,12,2.1,10,0,1,0,8,0,1,59,18.6,526,14:36,12,13,20,37,35.1
900,Shea Theodore,theodsh01,26,VEG,D,46,8,24,32,1,14,4.7,7,1,0,1,15,9,0,119,6.7,1072,23:19,50,21,0,0,
901,Robert Thomas,thomaro01,22,STL,C,42,7,32,39,5,12,3.3,6,0,1,2,23,8,1,68,10.3,797,18:59,14,11,322,333,49.2
902,Nate Thompson,thompna01,37,PHI,C,19,1,0,1,-8,29,-0.4,1,0,0,0,0,0,0,7,14.3,221,11:39,8,29,68,67,50.4
903,Tage Thompson,thompta01,24,BUF,C,46,19,18,37,-5,13,4.2,13,5,1,0,12,6,0,142,13.4,820,17:49,15,43,254,364,41.1
904,Tyce Thompson,thompty01,22,NJD,RW,2,0,0,0,0,0,0.0,0,0,0,0,0,0,0,3,0.0,29,14:25,0,2,1,0,100.0
905,Lassi Thomson,thomsla01,21,OTT,D,16,0,5,5,-8,2,0.2,0,0,0,0,4,1,0,18,0.0,276,17:15,9,23,0,0,
906,Joe Thornton,thornjo01,42,FLA,C,24,4,2,6,-9,6,0.0,1,3,0,1,2,0,0,19,21.1,265,11:02,7,15,71,85,45.5
907,Chris Tierney,tiernch01,27,OTT,C,48,6,8,14,-5,12,0.9,3,3,0,2,6,2,0,57,10.5,620,12:55,22,29,188,224,45.6
908,Conor Timmins,timmico01,23,ARI,D,6,0,0,0,-6,0,-0.3,0,0,0,0,0,0,0,5,0.0,106,17:45,9,7,0,0,
909,Jarred Tinordi,tinorja01,29,NYR,D,7,1,0,1,-5,7,-0.1,1,0,0,1,0,0,0,5,20.0,90,12:55,8,17,0,0,
910,Owen Tippett,tippeow01,22,FLA,RW,42,6,8,14,2,10,0.8,6,0,0,0,7,1,0,73,8.2,527,12:32,12,62,19,33,36.5
911,Vladimir Tkachev,tkachvl02,26,LAK,F,4,0,2,2,-2,2,0.0,0,0,0,0,0,2,0,1,0.0,56,13:59,0,1,1,1,50.0
912,Brady Tkachuk,tkachbr01,22,OTT,LW,45,16,20,36,3,68,4.1,13,3,0,2,18,2,0,162,9.9,851,18:55,21,164,138,119,53.7
913,Matthew Tkachuk,tkachma01,24,CGY,LW,48,24,32,56,33,34,7.8,17,7,0,4,24,8,0,156,15.4,865,18:01,11,56,16,12,57.1
914,Devon Toews,toewsde01,27,COL,D,38,9,27,36,37,10,7.2,7,2,0,1,21,6,0,89,10.1,966,25:26,50,34,0,0,
915,Jonathan Toews,toewsjo01,33,CHI,C,43,4,15,19,-11,20,0.8,3,1,0,1,12,3,0,73,5.5,768,17:52,13,15,478,338,58.6
916,Tyler Toffoli,toffoty01,29,TOT,C,40,10,17,27,-8,4,2.4,5,4,1,0,13,4,0,107,9.3,685,17:08,15,49,6,8,42.9
917,Tyler Toffoli,toffoty01,29,MTL,C,37,9,17,26,-8,4,2.3,4,4,1,0,13,4,0,100,9.0,648,17:31,14,46,5,8,38.5
918,Tyler Toffoli,toffoty01,29,CGY,C,3,1,0,1,0,0,0.1,1,0,0,0,0,0,0,7,14.3,37,12:18,1,3,1,0,100.0
919,Eeli Tolvanen,tolvaee01,22,NSH,RW,47,7,9,16,2,12,1.2,6,1,0,1,4,5,0,109,6.4,656,13:57,23,111,0,1,0.0
920,Philip Tomasino,tomasph01,20,NSH,C,44,6,9,15,-5,8,1.1,3,3,0,2,6,3,0,63,9.5,495,11:15,14,22,16,27,37.2
921,Dominic Toninato,tonindo01,27,WPG,C,44,4,4,8,-1,18,0.6,3,0,1,1,3,0,1,28,14.3,363,8:15,19,62,33,44,42.9
922,Alexey Toropchenko,toropal01,22,STL,RW,5,0,0,0,-1,2,-0.1,0,0,0,0,0,0,0,7,0.0,47,9:23,2,13,0,1,0.0
923,Brayden Tracey,tracebr01,20,ANA,LW,1,0,0,0,-1,0,-0.1,0,0,0,0,0,0,0,1,0.0,9,9:21,0,0,0,0,
924,Yakov Trenin,treniya01,25,NSH,C,48,11,5,16,9,37,1.9,11,0,0,2,5,0,0,83,13.3,689,14:22,25,113,5,15,25.0
925,Vincent Trocheck,trochvi01,28,CAR,C,48,13,20,33,13,55,3.6,8,5,0,3,16,4,0,87,14.9,853,17:46,28,111,415,354,54.0
926,Jacob Trouba,troubja01,27,NYR,D,49,8,16,24,9,69,5.3,7,1,0,1,13,2,1,131,6.1,1115,22:46,113,132,0,0,
927,Alexander True,trueal01,24,SEA,F,8,0,0,0,-2,2,-0.2,0,0,0,0,0,0,0,6,0.0,66,8:15,2,22,12,15,44.4
928,Alex Tuch,tuchal01,25,BUF,RW,18,7,13,20,7,8,2.4,5,2,0,0,12,1,0,61,11.5,359,19:58,17,17,7,7,50.0
929,Riley Tufte,tufteri01,23,DAL,LW,5,0,0,0,-1,0,-0.1,0,0,0,0,0,0,0,2,0.0,37,7:19,1,5,1,1,50.0
930,Alex Turcotte,turcoal02,20,LAK,C,8,0,0,0,0,2,-0.1,0,0,0,0,0,0,0,13,0.0,90,11:15,2,8,12,17,41.4
931,Kyle Turris,turriky01,32,EDM,C,22,1,3,4,-5,4,0.0,1,0,0,0,3,0,0,21,4.8,194,8:48,6,13,28,21,57.1
932,T.J. Tynan,tynant.01,29,LAK,C,2,0,0,0,0,0,0.0,0,0,0,0,0,0,0,3,0.0,22,10:51,2,1,6,7,46.2
933,Urho Vaakanainen,vaakaur01,23,BOS,D,15,0,4,4,0,4,0.8,0,0,0,0,4,0,0,15,0.0,289,19:17,12,10,0,0,
934,Juuso Valimaki,valimju01,23,CGY,D,8,0,2,2,1,10,0.4,0,0,0,0,2,0,0,11,0.0,127,15:51,9,7,0,0,
935,James van Riemsdyk,vanrija01,32,PHI,LW,49,11,9,20,-21,16,1.1,5,6,0,4,9,0,0,106,10.4,810,16:32,12,20,2,5,28.6
936,Trevor van Riemsdyk,vanritr01,30,WSH,D,47,1,12,13,1,31,1.9,1,0,0,0,11,0,1,51,2.0,842,17:55,84,20,0,0,
937,Frank Vatrano,vatrafr01,27,FLA,LW,40,8,6,14,-5,16,0.8,7,1,0,1,5,1,0,81,9.9,488,12:12,13,42,9,12,42.9
938,Lukas Vejdemo,vejdelu01,26,MTL,C,6,1,0,1,-3,0,0.0,1,0,0,0,0,0,0,10,10.0,64,10:38,4,7,13,18,41.9
939,Joe Veleno,velenjo01,22,DET,C,35,4,3,7,-7,16,0.1,4,0,0,0,3,0,0,38,10.5,429,12:16,13,54,90,88,50.6
940,Carter Verhaeghe,verhaca01,26,FLA,C,48,16,22,38,15,32,4.0,16,0,0,2,19,3,0,98,16.3,798,16:37,10,26,12,3,80.0
941,Kristian Vesalainen,vesalkr01,22,WPG,W,41,2,1,3,-3,6,-0.2,2,0,0,0,1,0,0,35,5.7,377,9:11,9,57,0,1,0.0
942,Jimmy Vesey,veseyji02,28,NJD,LW,46,7,6,13,-16,6,0.3,5,0,2,2,6,0,0,77,9.1,681,14:48,22,71,8,23,25.8
943,Jeffrey Viel,vielje01,25,SJS,F,15,2,1,3,0,52,0.3,2,0,0,0,1,0,0,17,11.8,135,9:02,4,40,1,3,25.0
944,Gabriel Vilardi,vilarga01,22,LAK,C,7,1,0,1,-5,2,-0.1,0,1,0,0,0,0,0,7,14.3,91,12:58,5,0,19,32,37.3
945,Marc-Edouard Vlasic,vlasima01,34,SJS,D,41,0,9,9,-11,10,0.9,0,0,0,0,9,0,0,32,0.0,609,14:51,43,20,0,0,
946,Jakub Voracek,voracja01,32,CBJ,RW,46,2,31,33,-8,16,1.8,1,1,0,1,17,14,0,87,2.3,771,16:46,18,17,3,20,13.0
947,Oliver Wahlstrom,wahlsol01,21,NYI,RW,41,10,9,19,-1,37,2.2,5,5,0,2,6,3,0,106,9.4,545,13:18,13,57,4,5,44.4
948,Nathan Walker,walkena01,27,STL,C,9,4,1,5,4,0,0.8,4,0,0,0,1,0,0,16,25.0,117,13:03,5,22,0,3,0.0
949,Sean Walker,walkese01,27,LAK,D,6,0,2,2,-1,4,0.2,0,0,0,0,1,1,0,18,0.0,110,18:22,9,9,0,0,
950,Jake Walman,walmaja01,25,STL,D,23,1,3,4,1,4,0.7,1,0,0,0,3,0,0,30,3.3,273,11:53,17,13,0,0,
951,Austin Watson,watsoau01,30,OTT,LW,33,3,2,5,-6,62,0.0,3,0,0,1,2,0,0,45,6.7,409,12:24,41,96,2,7,22.2
952,Jasper Weatherby,weathja01,24,SJS,C,40,3,4,7,-14,16,-0.2,2,1,0,0,3,1,0,41,7.3,477,11:55,21,42,146,142,50.7
953,MacKenzie Weegar,weegama01,28,FLA,D,49,4,25,29,28,51,4.8,3,0,1,1,23,1,1,117,3.4,1155,23:35,99,122,0,0,
954,Alexander Wennberg,wennbal01,27,SEA,C,51,4,19,23,-16,14,0.8,4,0,0,1,15,4,0,64,6.3,940,18:26,27,27,387,414,48.3
955,Zach Werenski,werenza01,24,CBJ,D,46,7,23,30,-14,16,3.2,4,3,0,1,15,7,1,146,4.8,1200,26:05,65,23,0,0,
956,Blake Wheeler,wheelbl01,35,WPG,RW,35,5,28,33,-5,18,2.5,3,2,0,1,18,10,0,87,5.7,688,19:39,19,44,3,12,20.0
957,Colton White,whiteco03,24,NJD,D,20,0,4,4,2,6,0.8,0,0,0,0,4,0,0,15,0.0,254,12:43,11,15,0,0,
958,Zach Whitecloud,whiteza01,25,VEG,D,31,6,6,12,13,10,3.1,5,0,1,1,6,0,0,54,11.1,593,19:08,72,51,0,0,
959,Chris Wideman,widemch01,32,MTL,D,36,2,9,11,-16,40,0.7,2,0,0,0,5,4,0,47,4.3,538,14:56,23,26,0,0,
960,Maxwell Willman,willmma01,26,PHI,C,30,2,1,3,-10,16,-0.4,2,0,0,0,1,0,0,43,4.7,361,12:01,8,37,2,3,40.0
961,Tom Wilson,wilsoto01,27,WSH,RW,48,15,19,34,8,65,3.6,11,3,1,4,15,3,1,94,16.0,926,19:18,33,142,16,14,53.3
962,Christian Wolanin,wolanch01,26,TOT,D,8,1,1,2,0,2,0.4,1,0,0,0,1,0,0,5,20.0,116,14:30,11,4,0,0,
963,Christian Wolanin,wolanch01,26,LAK,D,7,1,1,2,2,2,0.5,1,0,0,0,1,0,0,5,20.0,108,15:23,9,4,0,0,
964,Christian Wolanin,wolanch01,26,BUF,D,1,0,0,0,-2,0,-0.1,0,0,0,0,0,0,0,0,,8,8:18,2,0,0,0,
965,Kailer Yamamoto,yamamka01,23,EDM,RW,49,10,9,19,-4,14,1.3,9,0,1,4,8,1,0,66,15.2,803,16:24,16,61,2,4,33.3
966,Keith Yandle,yandlke01,35,PHI,D,49,1,13,14,-28,10,0.1,0,1,0,0,5,8,0,78,1.3,731,14:55,26,18,0,0,
967,Jesse Ylönen,yloneje01,22,MTL,RW,7,1,1,2,2,2,0.2,1,0,0,0,1,0,0,8,12.5,90,12:54,2,5,0,0,
968,Cameron York,yorkca01,21,PHI,D,13,1,2,3,-4,2,0.3,1,0,0,0,0,2,0,14,7.1,241,18:32,15,11,0,0,
969,Pavel Zacha,zachapa01,24,NJD,C,47,12,11,23,-20,14,1.5,9,3,0,1,8,3,0,106,11.3,805,17:07,14,57,99,95,51.0
970,Filip Zadina,zadinfi01,22,DET,RW,49,6,9,15,-20,4,0.2,3,3,0,1,6,3,0,100,6.0,694,14:10,22,33,0,0,
971,Nikita Zadorov,zadorni01,26,CGY,D,41,3,10,13,5,38,2.5,3,0,0,0,10,0,0,59,5.1,683,16:39,36,100,0,0,
972,Nikita Zaitsev,zaitsni01,30,OTT,D,30,1,2,3,-1,16,1.0,1,0,0,0,1,0,1,32,3.1,562,18:45,58,72,0,0,
973,Yegor Zamula,zamulye01,21,PHI,D,1,0,0,0,0,0,0.0,0,0,0,0,0,0,0,0,,20,19:46,3,0,0,0,
974,Jakub Zboril,zborija01,24,BOS,D,10,0,3,3,1,4,0.6,0,0,0,0,3,0,0,13,0.0,157,15:44,10,24,0,0,
975,Trevor Zegras,zegratr01,20,ANA,C,46,13,25,38,-13,34,3.4,10,3,0,3,18,7,0,103,12.6,794,17:15,13,25,150,213,41.3
976,Fabian Zetterlund,zettefa01,22,NJD,W,3,0,0,0,1,0,0.0,0,0,0,0,0,0,0,3,0.0,20,6:35,1,5,2,0,100.0
977,Mika Zibanejad,zibanmi01,28,NYR,C,49,19,31,50,13,10,5.9,8,11,0,1,18,10,3,140,13.6,981,20:01,32,35,416,377,52.5
978,Radim Zohorna,zohorra01,25,PIT,F,8,1,1,2,5,2,0.3,1,0,0,0,1,0,0,5,20.0,96,11:57,2,13,4,8,33.3
979,Artem Zub,zubar01,26,OTT,D,48,4,10,14,5,32,3.4,4,0,0,0,10,0,0,49,8.2,1038,21:37,88,86,0,0,
980,Mats Zuccarello,zuccama01,34,MIN,LW,40,16,34,50,19,8,5.6,12,4,0,1,20,14,0,86,18.6,756,18:54,23,18,15,21,41.7
981,Jason Zucker,zuckeja01,30,PIT,LW,31,6,7,13,1,10,1.1,4,2,0,0,7,0,0,88,6.8,483,15:34,15,51,4,10,28.6