Player,Team,Pos,Age,G,AB,R,H,2B,3B,HR,RBI,SB,CS,BB,SO,SH,SF,HBP,AVG,OBP,SLG,OPS
Cesar Hernandez,WAS,2B,31,30,129,17,36,7,0,0,7,2,1,5,25,0,0,2,.279,.316,.333,.649
Bo Bichette,TOR,SS,24,30,126,15,30,6,0,3,14,3,2,5,34,0,0,0,.238,.267,.357,.624
Rafael Devers,BOS,3B,25,29,120,16,37,8,0,4,11,0,0,5,20,0,0,0,.308,.336,.475,.811
Ozzie Albies,ATL,2B,25,30,117,15,27,4,0,6,13,3,2,10,21,0,3,2,.231,.295,.419,.714
Marcell Ozuna,ATL,OF,31,30,117,11,25,5,0,4,10,0,0,6,23,0,1,1,.214,.256,.359,.615
Francisco Lindor,NYM,SS,28,30,117,17,28,6,0,5,18,3,2,12,23,0,1,3,.239,.323,.419,.742
Pete Alonso,NYM,1B,27,30,116,18,32,5,0,7,26,0,0,7,29,0,2,4,.276,.333,.500,.833
Ty France,SEA,2B,27,29,116,13,37,3,0,5,22,0,0,9,13,0,1,4,.319,.385,.474,.859
Shohei Ohtani,LAA,DH,27,29,115,20,27,5,0,4,16,4,2,11,31,0,0,0,.235,.302,.383,.685
Adam Frazier,SEA,2B,30,29,114,16,28,6,1,1,13,1,2,11,16,0,0,1,.246,.317,.342,.659
Maikel Franco,WAS,3B,29,30,114,10,32,8,0,2,16,0,0,6,23,0,1,0,.281,.314,.404,.718
Starling Marte,NYM,OF,33,27,113,16,30,5,0,3,20,4,4,5,18,0,0,4,.265,.320,.389,.709
Cedric Mullins,BAL,OF,27,28,113,17,28,8,1,4,12,4,2,7,25,1,0,5,.248,.320,.442,.762
Wander Franco,TB,SS,21,27,113,19,35,8,1,4,15,3,0,5,12,0,1,0,.310,.336,.504,.840
Austin Riley,ATL,3B,25,29,111,15,27,7,0,7,14,1,0,13,33,0,0,3,.243,.339,.495,.834
Randy Arozarena,TB,OF,27,28,111,13,26,10,1,0,8,4,2,5,30,0,0,1,.234,.274,.342,.616
Matt Olson,ATL,1B,28,30,110,14,29,12,0,3,13,0,0,21,25,0,1,0,.264,.379,.455,.834
Willy Adames,MIL,SS,26,29,109,21,25,6,0,8,22,1,1,16,33,0,0,1,.229,.333,.505,.838
Manny Machado,SD,3B,29,29,109,26,42,7,0,7,21,6,0,15,22,0,1,1,.385,.460,.642,1.102
Juan Soto,WAS,OF,23,30,109,21,28,5,0,6,8,3,0,24,23,0,0,1,.257,.396,.468,.864
Lourdes Gurriel,TOR,OF,28,30,108,12,26,7,0,2,10,1,0,6,21,0,2,2,.241,.288,.361,.649
Bryce Harper,PHI,OF,29,28,108,21,26,8,1,6,19,3,1,7,31,0,2,2,.241,.294,.500,.794
Xander Bogaerts,BOS,SS,29,28,108,17,37,8,0,2,10,1,0,8,25,0,0,1,.343,.393,.472,.865
C.J. Cron,COL,1B,32,28,106,15,33,7,1,9,24,0,0,7,27,0,1,2,.311,.362,.651,1.013
George Springer,TOR,OF,32,29,106,19,30,7,0,6,16,2,1,7,26,0,2,3,.283,.339,.519,.858
Jake Cronenworth,SD,2B,28,29,106,14,22,2,2,2,14,0,0,17,21,0,2,2,.208,.323,.321,.644
Ryan Mountcastle,BAL,1B,25,26,105,10,29,3,0,4,14,2,0,3,28,0,0,1,.276,.303,.419,.722
Matt Chapman,TOR,3B,29,30,105,10,21,5,0,5,14,0,0,11,33,0,0,0,.200,.276,.390,.666
Vladimir Guerrero,TOR,1B,23,29,105,14,30,4,0,7,19,0,1,12,23,0,2,1,.286,.358,.524,.882
Connor Joe,COL,OF,29,26,105,17,28,5,2,4,11,1,1,12,19,0,0,1,.267,.347,.467,.814
Jorge Soler,MIA,OF,30,28,105,8,18,5,0,4,12,0,2,14,34,0,0,1,.171,.275,.333,.608
Adam Duvall,ATL,OF,33,29,104,11,20,6,0,2,14,0,0,7,38,0,2,2,.192,.252,.308,.560
Myles Straw,CLE,OF,27,28,104,21,28,6,1,0,3,7,1,16,20,0,1,0,.269,.364,.346,.710
Alex Verdugo,BOS,OF,25,28,104,6,22,3,0,3,13,0,1,6,13,0,4,0,.212,.246,.327,.573
Marcus Semien,TEX,2B,31,26,103,11,19,6,0,0,8,2,1,9,22,0,2,1,.184,.252,.243,.495
Eugenio Suarez,SEA,3B,30,28,103,15,21,6,1,6,17,0,0,15,37,0,0,0,.204,.305,.456,.761
Darin Ruf,SF,OF,35,28,103,10,21,2,0,1,8,2,0,15,27,0,0,1,.204,.311,.252,.563
Eduardo Escobar,NYM,3B,33,28,103,12,23,9,1,1,7,0,0,17,27,0,0,0,.223,.333,.359,.692
Nolan Arenado,STL,3B,31,27,103,14,34,9,0,7,24,0,0,12,16,0,0,0,.330,.400,.621,1.021
Jose Ramirez,CLE,3B,29,28,103,16,32,8,2,7,30,3,1,17,10,0,1,1,.311,.410,.631,1.041
Josh Bell,WAS,1B,29,29,102,20,35,7,0,4,21,0,1,17,12,0,0,1,.343,.442,.529,.971
Ketel Marte,ARI,2B,28,28,102,10,21,10,1,1,7,2,0,10,27,0,1,2,.206,.287,.353,.640
Jesse Winker,SEA,OF,28,29,102,10,20,5,0,1,9,0,0,18,15,0,1,0,.196,.314,.275,.589
Thairo Estrada,SF,2B,26,28,102,16,24,6,0,2,16,3,0,5,16,0,2,1,.235,.273,.353,.626
Enrique Hernandez,BOS,2B,30,26,102,12,18,8,0,1,12,0,1,10,23,0,2,1,.176,.252,.284,.536
Paul Goldschmidt,STL,1B,34,27,102,15,29,7,0,2,11,2,0,16,23,0,0,0,.284,.381,.412,.793
Nelson Cruz,WAS,DH,41,27,102,13,16,0,0,3,14,0,0,13,23,0,1,0,.157,.250,.245,.495
Jorge Polanco,MIN,SS,28,28,102,11,24,6,0,3,17,1,2,15,26,1,1,0,.235,.331,.382,.713
Brandon Lowe,TB,2B,27,28,102,18,21,4,0,5,11,1,0,12,29,0,1,2,.206,.299,.392,.691
Julio Rodriguez,SEA,OF,21,28,102,12,24,4,1,1,9,10,1,9,37,0,0,1,.235,.304,.324,.628
Austin Hays,BAL,OF,26,27,101,11,32,8,0,3,12,0,1,12,20,0,1,1,.317,.391,.485,.876
Kyle Tucker,HOU,OF,25,29,101,8,24,4,0,4,17,5,1,13,26,0,1,0,.238,.322,.396,.718
Christian Yelich,MIL,OF,30,28,101,19,25,7,0,4,17,3,0,13,28,0,2,2,.248,.339,.436,.775
Hunter Renfroe,MIL,OF,30,27,101,14,23,5,0,6,11,0,1,6,29,0,1,0,.228,.269,.455,.724
Corey Seager,TEX,SS,28,25,101,10,24,1,0,4,12,0,0,8,18,0,1,0,.238,.291,.366,.657
Trea Turner,LAD,SS,28,26,100,11,25,5,1,1,20,4,1,9,24,0,2,0,.250,.306,.350,.656
Jared Walsh,LAA,1B,28,28,100,12,26,3,0,5,19,0,1,7,26,0,0,1,.260,.315,.440,.755
Whit Merrifield,KC,2B,33,25,100,4,14,3,0,0,6,3,0,6,14,0,3,0,.140,.183,.170,.353
Andrew McCutchen,MIL,OF,35,25,100,11,24,5,0,2,14,3,2,7,25,0,2,1,.240,.291,.350,.641
Giancarlo Stanton,NYY,OF,32,26,100,8,26,1,0,6,19,0,0,6,33,0,3,0,.260,.294,.450,.744
Nathaniel Lowe,TEX,1B,26,26,100,8,27,4,0,1,9,0,0,8,27,0,0,0,.270,.324,.340,.664
Dylan Carlson,STL,OF,23,27,100,11,22,6,1,1,8,1,0,6,18,0,2,2,.220,.273,.330,.603
Sean Murphy,OAK,C,27,27,99,14,21,8,1,4,15,0,0,6,33,0,1,3,.212,.275,.434,.709
Salvador Perez,KC,C,31,25,99,10,19,5,0,5,10,0,0,3,30,0,0,2,.192,.231,.394,.625
Freddie Freeman,LAD,1B,32,26,99,18,32,9,1,3,13,2,0,13,17,0,2,1,.323,.400,.525,.925
Michael Brantley,HOU,OF,34,25,99,9,27,4,1,2,10,0,1,8,14,1,0,0,.273,.327,.394,.721
Aaron Judge,NYY,OF,30,26,99,18,28,6,0,9,19,2,0,10,32,0,0,0,.283,.349,.616,.965
Nick Castellanos,PHI,OF,30,27,99,12,29,6,0,4,15,1,0,9,28,0,1,2,.293,.360,.475,.835
Dansby Swanson,ATL,SS,28,30,99,15,24,7,1,2,10,3,0,11,40,0,1,0,.242,.315,.394,.709
Mookie Betts,LAD,OF,29,25,99,26,26,3,0,5,13,3,0,14,17,0,1,1,.263,.357,.444,.801
Alex Bregman,HOU,3B,28,29,98,16,23,6,0,5,17,0,0,17,16,0,2,0,.235,.342,.449,.791
Christian Walker,ARI,1B,31,28,98,12,16,5,0,6,12,0,1,11,25,0,0,0,.163,.248,.398,.646
Charlie Blackmon,COL,OF,35,25,98,15,23,6,0,4,12,1,1,8,20,3,0,0,.235,.292,.418,.710
Trent Grisham,SD,OF,25,29,98,7,15,2,2,1,6,0,0,15,30,2,0,1,.153,.272,.245,.517
Adolis Garcia,TEX,OF,29,26,98,16,21,4,1,4,18,4,1,8,30,0,2,2,.214,.282,.398,.680
Eric Hosmer,SD,1B,32,27,97,11,34,8,0,3,18,0,0,13,16,0,0,0,.351,.427,.526,.953
Anthony Rizzo,NYY,1B,32,27,97,15,23,4,0,9,21,2,1,12,16,0,0,6,.237,.357,.557,.914
Jonathan Schoop,DET,2B,30,26,97,5,13,3,0,1,5,0,0,4,20,0,0,1,.134,.176,.196,.372
J.P. Crawford,SEA,SS,27,28,97,14,33,6,1,4,10,1,1,14,15,0,1,3,.340,.435,.546,.981
Tyler O'Neill,STL,OF,26,26,97,14,20,4,1,2,19,3,1,11,31,0,4,0,.206,.277,.330,.607
Franmil Reyes,CLE,DH,26,24,97,9,22,1,0,3,10,0,0,4,43,0,0,1,.227,.265,.330,.595
Kyle Farmer,CIN,SS,31,27,96,8,19,7,0,0,10,2,1,5,18,0,1,3,.198,.257,.271,.528
Ryan McMahon,COL,2B,27,27,96,12,24,7,1,2,13,0,1,11,32,0,0,3,.250,.345,.406,.751
Trey Mancini,BAL,1B,30,25,96,8,25,4,0,1,9,0,0,7,23,0,2,0,.260,.305,.333,.638
Jeff McNeil,NYM,2B,30,28,96,15,31,7,1,1,10,1,0,9,13,0,0,1,.323,.387,.448,.835
Wilmer Flores,SF,3B,30,26,96,14,26,6,0,3,19,0,0,11,15,0,2,1,.271,.345,.427,.772
Jose Abreu,CWS,1B,35,26,96,15,23,5,0,3,12,0,0,11,20,0,1,1,.240,.321,.385,.706
Tommy Edman,STL,2B,27,27,96,18,28,3,2,3,14,7,1,14,15,1,0,2,.292,.393,.458,.851
Jeremy Pena,HOU,SS,24,27,95,16,23,4,1,6,15,1,0,7,25,0,1,2,.242,.305,.495,.800
Jesus Aguilar,MIA,1B,31,26,95,8,26,3,0,3,14,0,0,14,27,0,3,0,.274,.357,.400,.757
Kyle Schwarber,PHI,OF,29,26,95,16,20,4,0,7,16,2,0,14,32,0,0,1,.211,.318,.474,.792
Amed Rosario,CLE,SS,26,24,95,11,19,2,1,0,7,1,1,8,15,0,0,0,.200,.262,.242,.504
Rhys Hoskins,PHI,1B,29,27,95,12,18,7,1,2,9,0,0,14,32,0,1,0,.189,.291,.347,.638
Jeimer Candelario,DET,3B,28,26,95,12,19,5,0,2,8,0,0,6,23,0,0,1,.200,.255,.316,.571
Carlos Correa,MIN,SS,27,24,94,12,24,5,0,2,11,0,0,8,26,0,0,1,.255,.320,.372,.692
Cody Bellinger,LAD,OF,26,26,94,11,21,6,1,4,10,3,1,8,31,0,0,1,.223,.291,.436,.727
Jurickson Profar,SD,OF,29,28,94,13,16,5,0,5,16,1,0,18,22,0,1,1,.170,.307,.383,.690
Anthony Rendon,LAA,3B,31,26,94,10,20,5,0,3,13,2,0,15,21,0,2,1,.213,.321,.362,.683
Bryan Reynolds,PIT,OF,27,25,94,11,21,2,1,4,6,1,0,13,26,0,0,1,.223,.324,.394,.718
Jesus Sanchez,MIA,OF,24,26,94,10,22,3,2,3,12,0,0,6,30,0,0,2,.234,.294,.404,.698
Daulton Varsho,ARI,C,25,28,94,14,23,4,0,6,13,2,1,12,28,0,2,1,.245,.330,.479,.809
Santiago Espinal,TOR,3B,27,30,93,10,25,10,0,2,12,3,0,11,19,0,1,1,.269,.349,.441,.790
Brandon Crawford,SF,SS,35,26,93,12,21,5,0,2,10,1,1,10,19,0,0,3,.226,.321,.344,.665
J.T. Realmuto,PHI,C,31,25,93,18,24,4,0,2,5,3,0,10,25,0,0,0,.258,.330,.366,.696
Rowdy Tellez,MIL,1B,27,28,93,15,24,8,0,7,24,0,0,7,23,0,0,1,.258,.317,.570,.887
Trevor Story,BOS,SS,29,24,93,8,18,7,0,0,10,1,0,9,35,0,1,2,.194,.276,.269,.545
Raimel Tapia,TOR,OF,28,25,93,11,20,3,0,1,7,3,0,2,19,1,1,0,.215,.229,.280,.509
Sheldon Neuse,OAK,2B,27,26,92,10,28,2,1,2,14,3,1,6,28,0,0,2,.304,.360,.413,.773
Yuli Gurriel,HOU,1B,37,25,92,6,18,11,0,0,5,1,0,5,16,0,0,0,.196,.237,.315,.552
Tim Anderson,CWS,SS,28,23,92,15,31,5,0,4,9,4,0,1,10,0,0,3,.337,.365,.522,.887
Kolten Wong,MIL,2B,31,27,92,15,22,5,2,1,9,4,0,6,20,0,2,2,.239,.294,.370,.664
Justin Turner,LAD,3B,37,25,92,9,16,4,0,1,13,0,0,7,20,0,3,0,.174,.225,.250,.475
Harrison Bader,STL,OF,27,28,92,15,22,4,0,2,8,7,0,9,16,0,1,2,.239,.317,.348,.665
Bobby Witt,KC,SS,21,24,91,9,21,5,1,1,7,4,2,3,21,0,0,1,.231,.263,.341,.604
Avisail Garcia,MIA,OF,30,24,91,5,16,3,0,1,4,2,0,2,30,0,0,2,.176,.211,.242,.453
Frank Schwindel,CHC,1B,29,25,91,6,19,3,0,2,9,0,0,5,21,0,0,0,.209,.250,.308,.558
Jorge Mateo,BAL,OF,26,27,91,9,22,6,1,1,6,8,1,5,29,1,0,0,.242,.281,.363,.644
Andrew Benintendi,KC,OF,27,25,90,9,31,2,1,1,12,0,0,7,12,0,2,1,.344,.390,.422,.812
Seiya Suzuki,CHC,OF,27,27,90,13,22,6,1,4,15,1,1,16,32,0,1,1,.244,.361,.467,.828
DJ LeMahieu,NYY,3B,33,25,90,13,26,5,0,2,9,1,1,7,13,0,0,2,.289,.354,.411,.765
Tommy Pham,CIN,OF,34,26,90,16,20,5,0,4,8,1,0,15,29,0,0,0,.222,.333,.411,.744
Max Kepler,MIN,OF,29,28,90,10,22,3,0,5,12,1,1,13,18,0,0,2,.244,.352,.444,.796
Abraham Toro,SEA,3B,25,26,90,10,15,4,0,4,9,0,0,7,11,0,1,1,.167,.232,.344,.576
Cristian Pache,OAK,OF,23,27,89,11,15,1,1,2,6,0,0,2,23,0,0,0,.169,.187,.270,.457
David Peralta,ARI,OF,34,28,89,6,20,5,0,4,11,0,2,12,22,0,2,0,.225,.311,.416,.727
Ramon Urias,BAL,2B,27,25,89,7,19,4,0,1,7,0,0,5,26,0,2,0,.213,.250,.292,.542
Brandon Nimmo,NYM,OF,29,25,89,16,24,3,1,3,9,0,0,17,17,1,0,1,.270,.393,.427,.820
Tony Kemp,OAK,2B,30,26,88,9,19,2,0,0,3,2,1,10,16,0,1,1,.216,.300,.239,.539
Anthony Santander,BAL,OF,27,28,88,11,20,2,0,3,12,0,2,18,21,0,1,5,.227,.384,.352,.736
Josh Donaldson,NYY,3B,36,25,88,10,19,6,0,2,7,0,1,15,27,0,0,1,.216,.337,.352,.689
Mike Trout,LAA,OF,30,25,88,19,27,8,1,6,13,0,0,17,26,0,0,2,.307,.430,.625,1.055
Jean Segura,PHI,2B,32,23,88,10,25,2,0,3,7,1,1,6,12,0,0,1,.284,.337,.409,.746
Ke'Bryan Hayes,PIT,3B,25,25,88,12,28,7,0,0,7,2,2,13,21,0,1,1,.318,.408,.398,.806
Keibert Ruiz,WAS,C,23,23,87,6,23,6,0,1,9,0,0,4,9,0,1,1,.264,.301,.368,.669
Jazz Chisholm,MIA,2B,24,24,87,16,27,6,3,5,21,6,1,7,23,0,2,0,.310,.354,.621,.975
Nico Hoerner,CHC,2B,24,26,87,5,25,4,1,2,11,2,1,2,12,0,0,1,.287,.311,.425,.736
Elvis Andrus,OAK,SS,33,26,87,10,16,5,0,1,3,2,0,9,15,0,0,1,.184,.268,.276,.544
Garrett Cooper,MIA,OF,31,26,87,8,22,6,0,1,10,0,0,10,27,0,1,5,.253,.359,.356,.715
Miguel Cabrera,DET,1B,39,24,85,7,22,3,0,1,9,0,0,7,28,0,1,1,.259,.319,.329,.648
Randal Grichuk,COL,OF,30,22,85,12,25,3,0,4,16,1,0,4,24,0,1,2,.294,.337,.471,.808
J.D. Martinez,BOS,OF,34,22,85,9,25,10,0,3,14,0,0,5,23,0,1,1,.294,.337,.518,.855
Jackie Bradley,BOS,OF,32,28,84,4,17,8,0,0,7,1,1,7,21,1,0,0,.202,.264,.298,.562
Daniel Vogelbach,PIT,1B,29,23,84,12,21,4,0,4,11,0,0,8,24,0,1,0,.250,.312,.440,.752
Patrick Wisdom,CHC,3B,30,25,84,14,19,7,0,5,15,0,1,7,35,0,1,0,.226,.283,.488,.771
Manuel Margot,TB,OF,27,24,83,10,27,3,1,3,20,3,1,8,12,0,0,1,.325,.391,.494,.885
Chris Taylor,LAD,2B,31,24,83,9,22,6,1,1,11,2,0,10,36,0,2,0,.265,.337,.398,.735
Yandy Diaz,TB,3B,30,25,83,13,24,3,0,2,7,0,2,16,9,0,0,2,.289,.416,.398,.814
Hunter Dozier,KC,3B,30,23,82,8,21,4,2,3,7,0,1,3,23,0,0,1,.256,.291,.463,.754
Willson Contreras,CHC,C,29,22,82,15,21,6,1,3,9,0,0,10,19,0,0,3,.256,.358,.463,.821
Gio Urshela,MIN,3B,30,26,82,9,19,2,0,1,7,0,0,9,12,0,3,0,.232,.298,.293,.591
Ben Gamel,PIT,OF,29,27,82,12,24,5,1,2,13,2,0,9,19,0,0,0,.293,.363,.451,.814
Miguel Rojas,MIA,SS,33,24,82,7,15,2,1,1,4,1,0,3,9,0,0,1,.183,.221,.268,.489
Alcides Escobar,WAS,SS,35,24,82,8,18,2,1,0,5,1,1,5,22,0,0,2,.220,.281,.268,.549
Yordan Alvarez,HOU,OF,24,24,82,16,21,2,0,8,15,0,0,17,18,0,0,0,.256,.384,.573,.957
Seth Brown,OAK,OF,29,27,81,7,15,4,1,2,15,2,0,9,26,0,1,1,.185,.272,.333,.605
Yasmani Grandal,CWS,C,33,24,81,2,14,2,0,1,6,1,0,14,15,0,1,0,.173,.292,.235,.527
Austin Meadows,DET,OF,27,22,81,8,23,3,2,0,11,0,1,10,13,0,0,2,.284,.376,.370,.746
Isiah Kiner-Falefa,NYY,SS,27,24,80,15,23,6,0,0,7,2,1,7,16,0,2,0,.288,.337,.363,.700
Robbie Grossman,DET,OF,32,24,80,9,21,4,0,0,7,1,0,14,29,0,2,2,.263,.378,.313,.691
Austin Nola,SD,C,32,23,80,11,16,2,0,1,9,1,0,5,17,0,3,4,.200,.272,.263,.535
Max Muncy,LAD,2B,31,25,80,11,11,3,0,3,11,0,0,22,19,0,0,1,.138,.330,.288,.618
Pavin Smith,ARI,1B,26,27,80,7,20,4,0,3,11,1,0,12,23,0,1,1,.250,.351,.413,.764
Gleyber Torres,NYY,SS,25,25,79,5,18,3,1,4,13,0,0,4,14,1,2,1,.228,.267,.443,.710
Ian Happ,CHC,OF,27,25,79,12,21,3,0,2,12,0,0,16,23,0,1,1,.266,.392,.380,.772
Bobby Dalbec,BOS,1B,26,26,79,9,11,1,1,1,3,0,0,6,28,0,1,3,.139,.225,.215,.440
Brendan Rodgers,COL,2B,25,21,79,8,13,3,0,1,9,0,0,5,22,0,1,1,.165,.221,.241,.462
Jarred Kelenic,SEA,OF,22,27,79,9,12,2,1,3,10,4,2,8,32,0,1,0,.152,.227,.316,.543
Chas McCormick,HOU,OF,27,23,79,10,20,5,1,2,6,0,2,6,16,0,1,0,.253,.302,.418,.720
Spencer Torkelson,DET,1B,22,25,78,6,13,1,0,3,8,0,0,12,31,0,0,1,.167,.286,.295,.581
Jose Iglesias,COL,SS,32,23,78,9,24,6,0,0,8,0,0,4,8,0,0,3,.308,.365,.385,.750
Mitch Garver,TEX,C,31,22,78,7,16,2,0,3,8,0,1,10,20,0,1,0,.205,.292,.346,.638
Travis d'Arnaud,ATL,C,33,20,77,11,23,6,0,2,13,0,0,1,19,0,0,2,.299,.325,.455,.780
Alejandro Kirk,TOR,C,23,26,77,5,20,1,0,1,4,0,0,11,8,0,1,0,.260,.348,.312,.660
Luis Robert,CWS,OF,24,19,77,12,21,3,0,4,9,5,1,3,12,0,0,0,.273,.300,.468,.768
Alec Bohm,PHI,3B,25,26,77,13,24,4,0,2,14,1,0,7,14,0,4,1,.312,.360,.442,.802
Taylor Ward,LAA,OF,28,22,77,20,28,4,1,6,15,1,2,19,21,0,0,0,.364,.490,.675,1.165
Paul DeJong,STL,SS,28,24,77,6,10,3,0,1,7,3,0,7,25,0,1,1,.130,.209,.208,.417
Brandon Marsh,LAA,OF,24,25,77,10,19,3,0,4,18,3,2,7,31,1,2,2,.247,.318,.442,.760
Steven Kwan,CLE,OF,24,22,76,16,24,6,1,1,13,0,1,11,9,0,2,2,.316,.407,.461,.868
Brandon Drury,CIN,3B,29,23,76,13,21,7,0,5,15,0,1,6,18,0,1,1,.276,.333,.566,.899
Tyler Naquin,CIN,OF,31,21,76,9,15,6,0,2,13,1,0,5,25,0,0,1,.197,.256,.355,.611
Elias Diaz,COL,C,31,22,75,7,18,5,0,2,6,0,0,6,15,0,0,0,.240,.296,.387,.683
Rougned Odor,BAL,2B,28,26,75,9,16,6,1,1,9,0,0,4,24,0,1,2,.213,.268,.360,.628
Nick Madrigal,CHC,2B,25,22,75,5,16,3,0,0,2,1,0,4,13,0,0,1,.213,.263,.253,.516
Nicky Lopez,KC,SS,27,25,74,9,16,3,0,0,2,0,0,10,13,1,0,2,.216,.326,.257,.583
Yadiel Hernandez,WAS,OF,34,20,74,9,27,7,0,2,15,1,1,4,16,0,1,0,.365,.392,.541,.933
Mark Canha,NYM,OF,33,22,74,7,23,1,0,1,9,0,0,7,21,0,1,2,.311,.381,.365,.746
Joey Votto,CIN,1B,38,22,74,4,9,1,0,0,3,0,0,12,29,0,0,4,.122,.278,.135,.413
Luis Arraez,MIN,2B,25,23,73,7,22,2,0,1,7,0,1,9,6,0,0,0,.301,.378,.370,.748
Victor Robles,WAS,OF,24,27,73,10,17,6,0,0,10,0,0,4,25,5,1,2,.233,.288,.315,.603
Andres Gimenez,CLE,SS,23,25,72,8,25,3,2,2,15,2,0,2,15,0,1,0,.347,.360,.528,.888
Javier Baez,DET,SS,29,18,72,5,17,5,0,2,11,0,0,5,19,0,0,0,.236,.286,.389,.675
Byron Buxton,MIN,OF,28,19,72,17,20,5,0,9,17,1,0,4,26,0,0,3,.278,.342,.722,1.064
Yoshi Tsutsugo,PIT,1B,30,22,71,7,13,1,0,1,9,0,0,14,21,0,3,0,.183,.307,.239,.546
Gary Sanchez,MIN,C,29,19,71,5,15,7,0,1,9,1,0,3,24,0,0,3,.211,.273,.352,.625
Jake Burger,CWS,3B,26,21,71,6,17,2,0,2,7,0,0,4,27,1,1,0,.239,.276,.352,.628
Ha-Seong Kim,SD,SS,26,23,71,14,15,4,1,3,11,1,0,11,18,0,0,1,.211,.325,.423,.748
Owen Miller,CLE,2B,25,22,71,19,25,10,0,3,13,0,0,11,17,0,3,0,.352,.424,.620,1.044
Seth Beer,ARI,OF,25,23,70,4,15,3,0,1,9,0,0,8,19,0,1,3,.214,.317,.300,.617
Lane Thomas,WAS,OF,26,25,70,5,15,3,0,1,10,1,0,5,25,0,2,0,.214,.260,.300,.560
Michael Chavis,PIT,2B,26,23,70,7,17,2,1,3,12,0,1,3,19,0,2,0,.243,.267,.429,.696
Diego Castillo,PIT,SS,24,22,70,7,17,1,0,2,6,1,0,3,14,0,1,0,.243,.270,.343,.613
Joey Wendle,MIA,3B,32,22,70,10,19,6,0,1,8,4,0,6,8,0,0,1,.271,.338,.400,.738
Chad Pinder,OAK,OF,30,19,70,7,19,3,0,3,10,1,0,1,30,0,1,0,.271,.278,.443,.721
Joey Gallo,NYY,OF,28,24,69,6,12,1,0,3,4,0,0,9,30,0,0,0,.174,.269,.319,.588
Joc Pederson,SF,OF,30,21,69,11,18,2,0,6,10,1,1,3,16,0,1,1,.261,.297,.551,.848
Kevin Kiermaier,TB,OF,32,24,69,8,13,4,0,2,7,1,0,4,21,0,0,1,.188,.243,.333,.576
Kole Calhoun,TEX,OF,34,25,69,2,12,1,0,1,2,0,1,2,17,0,0,1,.174,.208,.232,.440
Gavin Sheets,CWS,DH,26,21,69,4,14,2,0,1,3,0,0,3,16,0,0,1,.203,.247,.275,.522
Andy Ibanez,TEX,2B,29,22,68,9,16,2,0,1,5,3,0,4,12,0,0,0,.235,.278,.309,.587
Aaron Hicks,NYY,OF,32,23,68,11,17,0,0,1,5,4,2,16,19,1,1,1,.250,.395,.294,.689
Michael Taylor,KC,OF,31,23,68,9,15,0,0,2,8,0,0,10,15,0,1,0,.221,.316,.309,.625
Oscar Mercado,CLE,OF,27,25,68,7,13,4,1,3,13,0,2,2,16,0,1,1,.191,.222,.412,.634
Brandon Belt,SF,1B,34,18,67,12,16,1,1,4,9,0,0,14,21,0,0,2,.239,.386,.463,.849
Jacob Stallings,MIA,C,32,26,67,8,11,1,0,1,7,0,0,6,16,0,1,1,.164,.240,.224,.464
Trevor Larnach,MIN,OF,25,22,67,12,21,9,0,0,7,0,0,6,23,0,1,0,.313,.365,.448,.813
Taylor Walls,TB,SS,25,24,67,7,13,3,1,1,3,4,1,11,23,0,0,1,.194,.316,.313,.629
Gavin Lux,LAD,2B,24,22,66,16,18,1,1,1,6,2,0,10,13,0,1,0,.273,.364,.364,.728
Lorenzo Cain,MIL,OF,36,20,66,11,11,2,0,0,4,1,2,5,14,0,1,1,.167,.233,.197,.430
Leury Garcia,CWS,2B,31,21,66,6,12,3,0,2,6,1,0,2,15,0,1,0,.182,.203,.318,.521
Max Stassi,LAA,C,31,19,65,12,13,1,0,3,8,0,0,8,25,0,0,0,.200,.288,.354,.642
Will Smith,LAD,C,27,20,65,12,15,3,0,2,13,0,0,10,14,0,0,1,.231,.342,.369,.711
Jo Adell,LAA,OF,23,19,65,4,15,4,0,3,9,1,1,1,24,0,0,0,.231,.242,.431,.673
Josh Lowe,TB,OF,24,19,64,9,12,3,2,1,6,1,0,6,27,1,0,0,.188,.257,.344,.601
Johan Camargo,PHI,2B,28,21,64,3,16,2,0,2,8,0,0,4,12,0,0,0,.250,.294,.375,.669
Brad Miller,TEX,1B,32,21,64,5,12,1,0,3,14,2,0,2,18,0,1,0,.188,.209,.344,.553
Austin Hedges,CLE,C,29,21,63,7,10,0,0,2,5,1,0,4,19,2,0,1,.159,.221,.254,.475
Mike Moustakas,CIN,3B,33,19,63,7,15,3,0,1,6,0,0,5,19,0,1,2,.238,.310,.333,.643
Carlos Santana,KC,1B,36,19,63,6,10,3,0,1,6,0,0,14,8,0,0,0,.159,.312,.254,.566
Josh Naylor,CLE,OF,24,18,63,7,20,3,0,2,13,0,0,2,8,0,1,1,.317,.343,.460,.803
Ryan Jeffers,MIN,C,24,20,62,7,13,4,0,3,9,0,0,8,22,0,0,0,.210,.300,.419,.719
Jonathan Villar,CHC,3B,31,18,62,8,16,2,0,0,8,1,0,5,17,0,2,0,.258,.304,.290,.594
Brian Anderson,MIA,3B,28,20,62,13,16,5,0,1,2,1,0,11,22,0,0,2,.258,.387,.387,.774
Aledmys Diaz,HOU,3B,31,20,62,5,13,1,0,2,8,0,0,5,13,0,0,1,.210,.279,.323,.602
Andrew Velazquez,LAA,SS,27,22,61,8,8,2,0,0,3,4,0,6,20,1,1,1,.131,.217,.164,.381
Mike Yastrzemski,SF,OF,31,19,61,8,18,1,0,2,6,0,1,7,10,0,1,1,.295,.371,.410,.781
Yadier Molina,STL,C,39,17,61,4,14,1,0,1,2,1,0,0,8,0,0,0,.230,.230,.295,.525
Roberto Perez,PIT,C,33,21,60,8,14,2,0,2,8,0,0,9,25,0,0,0,.233,.333,.367,.700
Christian Vazquez,BOS,C,31,20,60,4,13,2,0,1,5,0,1,4,13,0,2,1,.217,.269,.300,.569
Cooper Hummel,ARI,OF,27,25,60,7,9,2,0,2,7,2,0,14,19,0,0,0,.150,.311,.283,.594
Didi Gregorius,PHI,SS,32,18,59,7,17,4,0,0,7,0,0,3,10,0,1,2,.288,.338,.356,.694
Martin Maldonado,HOU,C,35,21,59,8,5,1,0,2,5,0,0,9,24,1,1,0,.085,.203,.203,.406
Omar Narvaez,MIL,C,30,19,59,5,13,2,0,1,5,0,0,8,20,0,0,3,.220,.343,.305,.648
Mike Zunino,TB,C,31,19,58,5,8,1,0,3,9,0,0,5,22,0,1,0,.138,.203,.310,.513
Jose Altuve,HOU,2B,32,16,58,9,15,0,0,4,6,2,1,10,13,0,0,0,.259,.368,.466,.834
Kris Bryant,COL,3B,30,15,57,11,16,4,0,0,4,0,0,5,12,0,2,1,.281,.338,.351,.689
Carson Kelly,ARI,C,27,20,57,3,6,1,0,0,1,0,0,2,20,0,0,1,.105,.150,.123,.273
Cole Tucker,PIT,OF,25,16,57,3,10,1,1,0,2,1,0,0,23,0,0,0,.175,.175,.228,.403
Tyrone Taylor,MIL,OF,28,17,56,3,12,5,1,1,6,0,1,3,15,0,0,1,.214,.267,.393,.660
Tyler Wade,LAA,3B,27,24,56,7,16,3,0,0,5,3,3,4,12,3,0,1,.286,.344,.339,.683
Robinson Chirinos,BAL,C,37,20,56,2,8,2,0,0,3,0,0,8,21,0,0,1,.143,.262,.179,.441
Josh Harrison,CWS,2B,34,18,55,7,8,4,1,0,2,0,0,1,9,0,0,5,.145,.230,.255,.485
Wil Myers,SD,OF,31,15,55,4,12,3,0,0,7,0,0,3,19,0,1,0,.218,.254,.273,.527
Harold Ramirez,TB,OF,27,19,55,8,17,3,0,0,6,1,1,5,8,0,1,1,.309,.371,.364,.735
Joey Bart,SF,C,25,18,55,9,9,1,0,3,5,1,0,10,30,0,0,2,.164,.313,.345,.658
Geraldo Perdomo,ARI,SS,22,22,55,9,10,2,1,0,1,1,1,13,18,0,0,2,.182,.357,.255,.612
CJ Abrams,SD,SS,21,20,55,9,10,2,0,1,4,1,1,4,14,2,1,3,.182,.270,.273,.543
Kevin Smith,OAK,SS,25,19,54,4,10,4,0,1,6,1,0,3,18,1,0,0,.185,.228,.315,.543
Adam Engel,CWS,OF,30,23,54,5,12,5,0,0,1,3,0,4,16,0,0,1,.222,.288,.315,.603
Dominic Smith,NYM,OF,26,26,54,4,11,3,0,0,9,0,0,4,19,0,1,3,.204,.290,.259,.549
Zack Collins,TOR,C,27,15,54,5,12,3,0,3,9,0,0,4,23,0,0,1,.222,.288,.444,.732
Tucker Barnhart,DET,C,31,19,54,3,14,2,0,0,2,0,0,5,23,0,0,0,.259,.322,.296,.618
Miguel Sano,MIN,1B,29,17,54,1,5,0,0,1,3,1,0,9,21,0,1,1,.093,.231,.148,.379
James McCann,NYM,C,31,20,53,5,10,2,0,1,5,1,0,2,11,0,1,4,.189,.267,.283,.550
Rafael Ortega,CHC,OF,30,22,53,7,11,5,0,0,1,1,3,8,12,1,0,0,.208,.311,.302,.613
Sergio Alcantara,ARI,SS,25,23,53,6,10,2,1,1,7,0,0,1,13,2,1,0,.189,.200,.321,.521
Colin Moran,CIN,1B,29,20,53,4,11,1,0,2,15,0,0,6,12,0,3,0,.208,.274,.340,.614
Andrew Vaughn,CWS,OF,24,16,53,5,15,3,0,4,12,0,0,5,9,0,0,2,.283,.367,.566,.933
Nick Senzel,CIN,OF,26,17,52,4,10,3,0,1,3,0,1,2,8,0,0,0,.192,.222,.308,.530
Billy McKinney,OAK,OF,27,23,52,3,5,1,0,1,4,0,0,4,16,0,1,0,.096,.158,.173,.331
Jason Heyward,CHC,OF,32,21,52,6,11,1,1,0,2,0,0,6,16,0,0,1,.212,.305,.269,.574
AJ Pollock,CWS,OF,34,14,51,3,9,2,0,0,4,1,0,2,13,0,1,0,.176,.204,.216,.420
Brett Phillips,TB,OF,27,18,51,4,8,0,0,2,6,3,0,4,25,0,0,0,.157,.218,.275,.493
Jace Peterson,MIL,2B,32,21,51,9,10,1,0,1,4,3,0,7,13,0,0,0,.196,.293,.275,.568
Adalberto Mondesi,KC,3B,26,15,50,3,7,0,0,0,3,5,0,4,20,0,0,0,.140,.204,.140,.344
Jose Siri,HOU,OF,26,19,50,6,9,3,0,1,3,1,1,3,18,0,0,1,.180,.241,.300,.541
Ernie Clement,CLE,2B,26,18,50,5,10,3,0,0,3,0,0,4,8,1,0,2,.200,.286,.260,.546
Akil Baddoo,DET,OF,23,17,50,5,7,1,0,1,2,1,1,5,15,0,0,0,.140,.218,.220,.438
Sam Hilliard,COL,OF,28,19,49,4,8,2,1,0,3,1,1,9,15,0,0,0,.163,.293,.245,.538
Corey Dickerson,STL,OF,32,20,49,3,9,1,0,0,7,0,0,3,8,0,1,0,.184,.226,.204,.430
Kyle Higashioka,NYY,C,32,18,48,5,7,3,0,0,4,0,0,3,12,2,1,1,.146,.208,.208,.416
Kevin Newman,PIT,SS,28,14,48,4,12,4,1,0,8,1,1,4,7,0,0,0,.250,.308,.375,.683
Nick Gordon,MIN,OF,26,22,48,7,11,1,1,0,1,0,2,3,17,0,0,0,.229,.275,.292,.567
Christian Arroyo,BOS,2B,26,17,47,5,10,1,0,1,4,1,0,2,9,1,1,1,.213,.255,.298,.553
Austin Slater,SF,OF,29,22,47,9,12,1,0,2,9,2,0,9,15,0,0,0,.255,.375,.404,.779
Jake Marisnick,PIT,OF,31,21,47,5,8,2,0,0,1,1,1,2,13,1,0,0,.170,.204,.213,.417
Jorge Alfaro,SD,C,28,15,46,4,11,2,0,2,7,1,0,3,23,0,2,1,.239,.288,.413,.701
Ji-Man Choi,TB,1B,30,16,46,7,15,4,0,2,10,0,0,11,20,0,0,0,.326,.456,.543,.999
Eric Haase,DET,C,29,18,46,3,6,1,0,1,3,0,0,5,7,0,0,0,.130,.216,.217,.433
Reese McGuire,CWS,C,27,15,46,3,7,1,0,0,3,0,0,2,10,3,2,0,.152,.180,.174,.354
Josh VanMeter,PIT,2B,27,17,46,4,7,1,0,1,2,1,0,3,15,0,0,0,.152,.204,.239,.443
Jack Mayfield,LAA,3B,31,16,46,6,11,1,1,1,6,0,0,2,9,0,0,1,.239,.286,.370,.656
Tyler Stephenson,CIN,C,25,17,46,8,13,2,0,3,12,1,0,6,13,0,1,2,.283,.382,.522,.904
Luis Gonzalez,SF,OF,26,15,46,8,14,2,0,1,9,1,1,4,8,0,3,1,.304,.352,.413,.765
Harold Castro,DET,2B,28,16,45,6,15,3,0,0,3,0,0,2,11,0,1,0,.333,.354,.400,.754
Christian Bethancourt,OAK,C,30,17,45,5,10,5,0,0,3,1,0,2,11,0,0,1,.222,.271,.333,.604
Jed Lowrie,OAK,2B,38,15,45,6,9,0,0,1,5,1,0,5,9,0,1,0,.200,.275,.267,.542
Eddie Rosario,ATL,OF,30,15,44,4,3,1,0,0,0,0,0,5,10,0,0,0,.068,.163,.091,.254
Willie Calhoun,TEX,OF,27,18,44,7,6,3,0,1,2,0,0,8,6,0,0,1,.136,.283,.273,.556
Matt Vierling,PHI,OF,25,21,44,3,8,2,0,0,4,1,0,5,11,0,1,1,.182,.275,.227,.502
Jonathan India,CIN,2B,25,11,44,5,13,2,0,0,3,0,1,1,10,0,0,0,.295,.311,.341,.652
Jake Fraley,CIN,OF,26,15,43,5,5,2,0,1,3,1,0,4,12,0,0,1,.116,.208,.233,.441
Andrew Knizner,STL,C,27,15,43,3,9,2,0,1,6,0,0,6,13,0,0,0,.209,.306,.326,.632
Nick Solak,TEX,2B,27,19,42,8,9,0,0,2,3,1,1,4,12,0,0,3,.214,.327,.357,.684
Tomas Nido,NYM,C,28,16,42,2,9,2,0,0,4,0,0,0,19,1,1,0,.214,.209,.262,.471
Nick Ahmed,ARI,SS,32,12,42,5,9,2,0,3,5,0,0,0,11,0,0,0,.214,.214,.476,.690
Luke Voit,SD,1B,31,13,42,5,6,1,0,0,5,1,0,10,17,0,1,1,.143,.315,.167,.482
Albert Pujols,STL,1B,42,14,41,6,9,1,0,2,5,0,1,4,8,0,0,2,.220,.319,.390,.709
Robinson Cano,NYM,2B,39,12,41,3,8,0,0,1,3,0,0,2,11,0,0,0,.195,.233,.268,.501
Yan Gomes,CHC,C,34,14,41,3,8,2,0,1,2,0,0,2,8,0,0,0,.195,.233,.317,.550
Aristides Aquino,CIN,OF,28,15,41,3,2,0,0,1,2,0,0,2,23,0,0,0,.049,.093,.122,.215
Travis Demeritte,ATL,OF,27,13,41,8,11,2,0,2,3,0,0,4,13,0,1,0,.268,.326,.463,.789
Luis Guillorme,NYM,3B,27,18,40,7,10,3,0,1,2,0,0,7,8,1,0,0,.250,.362,.400,.762
Luis Torrens,SEA,C,26,13,40,2,7,1,0,0,4,0,0,1,15,0,1,0,.175,.190,.200,.390
Bradley Zimmer,TOR,OF,29,19,40,2,3,0,0,1,1,1,1,1,19,0,0,1,.075,.119,.150,.269
Jon Berti,MIA,2B,32,17,40,10,12,2,1,2,4,2,1,9,11,0,0,1,.300,.440,.550,.990
Stephen Piscotty,OAK,OF,31,14,40,4,9,1,0,1,3,2,0,6,12,0,0,1,.225,.340,.325,.665
Kurt Suzuki,LAA,C,38,12,39,5,7,1,0,1,4,0,0,5,10,0,0,0,.179,.273,.282,.555
J.D. Davis,NYM,3B,29,17,39,5,9,2,0,1,3,1,0,8,13,0,0,1,.231,.375,.359,.734
Jonah Heim,TEX,C,26,14,38,11,13,3,0,3,10,0,0,8,4,0,0,0,.342,.457,.658,1.115
David Fletcher,LAA,2B,27,14,38,2,6,2,1,0,2,0,0,3,2,0,0,0,.158,.220,.263,.483
Gilberto Celestino,MIN,OF,23,18,37,7,12,3,0,0,1,0,0,2,7,1,0,2,.324,.390,.405,.795
Bryson Stott,PHI,SS,24,11,37,1,5,1,0,0,4,0,0,1,12,0,0,0,.135,.158,.162,.320
Keston Hiura,MIL,1B,25,15,37,5,8,0,0,2,5,1,0,5,20,0,0,0,.216,.310,.378,.688
Mauricio Dubon,SF,2B,27,17,37,7,7,1,0,1,5,0,0,1,4,0,1,0,.189,.205,.297,.502
Yonathan Daza,COL,OF,28,18,37,3,13,0,0,0,2,0,1,2,2,0,0,1,.351,.400,.351,.751
Matt Beaty,SD,1B,29,17,37,6,4,1,1,0,1,0,0,2,6,0,0,1,.108,.175,.189,.364
Curt Casali,SF,C,33,12,37,3,7,2,0,0,1,0,0,2,14,0,0,0,.189,.231,.243,.474
Niko Goodrum,HOU,SS,30,12,36,1,5,2,0,0,1,0,0,1,18,0,0,0,.139,.162,.194,.356
Matt Duffy,LAA,3B,31,14,36,2,10,1,0,0,2,0,0,5,9,0,0,0,.278,.366,.306,.672
Steven Duggar,SF,OF,28,12,36,2,7,3,0,0,4,4,0,2,16,0,1,0,.194,.231,.278,.509
Ronald Acuna,ATL,OF,24,9,36,3,10,2,0,2,5,4,0,4,15,0,0,1,.278,.366,.500,.866
Eloy Jimenez,CWS,OF,25,11,36,2,8,1,0,1,7,0,0,2,10,0,1,0,.222,.256,.333,.589
Edward Olivares,KC,OF,26,15,35,5,13,4,0,0,3,2,1,2,5,0,0,1,.371,.421,.486,.907
Jason Vosler,SF,3B,28,12,35,5,10,1,0,2,5,0,1,5,10,0,1,0,.286,.366,.486,.852
Alan Trejo,COL,SS,25,10,35,6,9,1,0,1,6,0,0,1,8,0,0,0,.257,.278,.371,.649
Anthony Bemboom,BAL,C,32,15,35,2,4,1,0,0,0,0,0,4,11,1,0,0,.114,.205,.143,.348
Aramis Garcia,CIN,C,29,15,35,4,7,1,0,1,1,0,0,2,14,0,0,0,.200,.243,.314,.557
Mitch Haniger,SEA,OF,31,9,35,3,7,1,0,3,7,0,0,1,9,0,0,0,.200,.222,.486,.708
Jose Trevino,NYY,C,29,15,34,4,6,1,0,0,3,1,0,2,3,0,0,0,.176,.222,.206,.428
Alex Dickerson,ATL,OF,31,13,33,3,4,0,0,1,2,0,0,3,9,0,0,0,.121,.194,.212,.406
Tom Murphy,SEA,C,31,14,33,9,10,2,0,1,1,0,0,8,13,0,0,0,.303,.439,.455,.894
Guillermo Heredia,ATL,OF,31,19,33,6,4,1,0,2,4,0,0,4,18,0,0,0,.121,.216,.333,.549
Odubel Herrera,PHI,OF,30,12,32,4,9,3,1,2,7,0,0,1,11,0,1,0,.281,.294,.625,.919
Derek Hill,DET,OF,26,9,32,4,8,1,0,0,1,0,0,1,9,0,0,0,.250,.273,.281,.554
Jack Suwinski,PIT,OF,23,10,32,4,7,1,0,0,2,0,0,1,5,0,0,1,.219,.265,.250,.515
Alfonso Rivas,CHC,1B,25,13,31,4,9,1,0,1,6,0,0,6,10,0,0,0,.290,.405,.419,.824
Francisco Mejia,TB,C,26,10,31,6,11,2,0,2,10,0,0,0,8,0,1,0,.355,.344,.613,.957
Kevin Plawecki,BOS,C,31,12,30,1,4,0,0,0,1,0,0,1,7,1,1,0,.133,.156,.133,.289
Riley Adams,WAS,C,25,10,30,3,5,0,0,1,2,0,0,2,11,0,0,1,.167,.242,.267,.509
TJ Friedl,CIN,OF,26,9,29,3,5,0,1,0,1,0,0,2,10,0,1,0,.172,.219,.241,.460
Mike Brosseau,MIL,2B,28,16,29,2,8,0,0,1,5,0,0,5,7,0,0,0,.276,.382,.379,.761
Jason Castro,HOU,C,34,12,29,0,2,0,0,0,0,0,0,4,16,0,0,1,.069,.206,.069,.275
Travis Jankowski,NYM,OF,30,20,28,9,9,0,0,0,1,3,0,4,2,0,0,0,.321,.406,.321,.727
Michael Hermosillo,CHC,OF,27,17,28,2,2,1,0,0,2,0,0,4,14,0,0,3,.071,.257,.107,.364
Kelvin Gutierrez,BAL,3B,27,12,28,2,4,1,0,0,3,1,0,4,8,0,0,0,.143,.250,.179,.429
Victor Caratini,MIL,C,28,10,28,3,6,1,0,1,3,0,0,4,7,0,1,0,.214,.303,.357,.660
Orlando Arcia,ATL,OF,27,10,27,1,8,2,0,0,5,0,0,5,7,0,1,0,.296,.394,.370,.764
Charlie Culberson,TEX,3B,33,13,27,6,7,1,0,0,6,1,2,2,8,1,0,0,.259,.310,.296,.606
Jose Herrera,ARI,C,25,14,27,3,4,1,0,0,2,0,0,5,9,1,0,0,.148,.281,.185,.466
Richie Palacios,CLE,OF,24,9,27,0,7,1,0,0,2,0,0,2,4,0,0,0,.259,.310,.296,.606
Bryan De La Cruz,MIA,OF,25,19,26,4,7,0,0,1,5,0,0,6,8,0,1,0,.269,.394,.385,.779
Jordan Luplow,ARI,OF,28,11,26,5,5,0,0,2,5,3,1,3,8,0,0,0,.192,.276,.423,.699
Cal Raleigh,SEA,C,25,10,26,1,2,0,0,1,1,0,0,5,10,0,0,0,.077,.226,.192,.418
Jose Miranda,MIN,3B,23,7,26,2,4,2,0,1,3,0,0,2,1,0,0,0,.154,.214,.346,.560
Teoscar Hernandez,TOR,OF,29,8,26,3,7,1,0,1,5,0,0,2,10,0,0,2,.269,.367,.423,.790
Edmundo Sosa,STL,SS,26,10,25,3,4,0,0,0,0,1,0,0,12,0,0,3,.160,.250,.160,.410
Andrew Knapp,PIT,C,30,9,25,2,4,1,0,0,2,0,0,3,7,0,0,0,.160,.250,.200,.450
Lucius Fox,WAS,SS,24,10,25,2,2,0,0,0,2,1,0,1,9,2,0,0,.080,.115,.080,.195
Alejo Lopez,CIN,2B,26,10,25,3,6,0,0,0,0,0,0,1,5,0,0,1,.240,.296,.240,.536
Jake McCarthy,ARI,OF,24,13,25,3,3,0,0,1,1,0,0,2,12,1,0,0,.120,.185,.240,.425
Willi Castro,DET,2B,25,12,25,2,6,2,0,0,1,1,1,2,5,0,0,0,.240,.296,.320,.616
Jose Azocar,SD,OF,25,23,24,1,5,1,0,0,2,2,2,4,11,0,0,0,.208,.321,.250,.571
Cavan Biggio,TOR,3B,27,13,23,2,1,0,0,0,0,0,0,3,10,0,0,2,.043,.214,.043,.257
Edwin Rios,LAD,1B,28,9,23,3,5,0,0,1,2,0,1,1,10,0,0,0,.217,.250,.348,.598
Austin Barnes,LAD,C,32,8,23,5,6,0,0,3,5,0,0,1,4,0,0,1,.261,.320,.652,.972
Victor Reyes,DET,OF,27,10,23,1,6,1,1,0,4,0,1,2,4,0,0,0,.261,.320,.391,.711
Hanser Alberto,LAD,2B,29,11,23,3,6,1,0,0,3,0,0,1,3,0,0,0,.261,.292,.304,.596
Danny Mendick,CWS,2B,28,11,23,4,5,2,0,1,3,0,0,2,9,1,0,0,.217,.280,.435,.715
Jose Rojas,LAA,OF,29,7,23,1,3,2,0,0,1,0,0,0,8,0,0,0,.130,.130,.217,.347
Alex Kirilloff,MIN,1B,24,7,22,2,2,0,0,0,0,0,0,0,10,0,0,1,.091,.130,.091,.221
Dylan Moore,SEA,2B,29,14,22,3,5,0,1,1,3,1,1,4,5,1,0,1,.227,.370,.455,.825
Dom Nunez,COL,C,27,10,22,2,3,1,0,0,1,0,0,6,5,0,1,0,.136,.310,.182,.492
Clint Frazier,CHC,OF,27,10,21,3,3,2,0,0,0,0,0,2,5,0,0,1,.143,.250,.238,.488
Eli White,TEX,OF,27,18,21,7,6,2,0,1,2,3,0,3,7,0,0,0,.286,.375,.524,.899
Kyle Garlick,MIN,OF,30,13,21,6,5,0,0,3,6,0,0,5,6,0,0,0,.238,.385,.667,1.052
Payton Henry,MIA,C,24,12,21,2,2,0,0,0,2,0,0,2,6,0,0,2,.095,.240,.095,.335
Kyle Isbel,KC,OF,25,9,21,4,5,1,0,0,2,0,0,1,5,0,0,0,.238,.273,.286,.559
Matt Reynolds,CIN,3B,31,9,20,2,6,2,0,0,1,0,0,4,6,0,0,0,.300,.417,.400,.817
Travis Shaw,BOS,3B,32,7,19,0,0,0,0,0,0,0,0,0,7,0,0,0,.000,.000,.000,.000
Chris Owings,BAL,2B,30,11,19,2,2,0,0,0,0,0,0,6,12,0,0,0,.105,.320,.105,.425
Nick Allen,OAK,SS,23,8,19,2,4,2,0,0,0,1,0,2,6,0,0,0,.211,.286,.316,.602
Isaac Paredes,TB,3B,23,6,19,2,5,1,0,0,2,0,0,0,5,0,0,0,.263,.263,.316,.579
Juan Yepez,STL,1B,24,5,19,4,9,3,0,1,3,0,0,1,4,0,0,0,.474,.500,.789,1.289
Ryan McKenna,BAL,OF,25,18,19,4,5,2,0,0,2,0,0,3,10,0,1,1,.263,.375,.368,.743
Franchy Cordero,BOS,OF,27,7,18,2,4,1,0,0,1,0,0,1,2,0,1,0,.222,.250,.278,.528
Marwin Gonzalez,NYY,2B,33,12,17,4,4,3,0,0,3,0,0,1,7,0,1,0,.235,.263,.412,.675
Tyler Nevin,BAL,1B,24,6,17,2,3,0,0,0,4,0,0,2,3,0,0,2,.176,.333,.176,.509
Luis Urias,MIL,3B,24,5,17,5,6,0,0,1,2,0,1,4,6,0,0,1,.353,.500,.529,1.029
Bobby Bradley,CLE,1B,25,8,17,1,2,0,0,0,0,0,0,0,9,0,0,0,.118,.118,.118,.236
Ryan O'Hearn,KC,1B,28,10,16,1,1,0,0,0,2,0,0,3,3,0,1,0,.063,.200,.063,.263
Yonny Hernandez,ARI,3B,24,9,16,2,2,0,0,0,0,2,0,2,2,1,0,0,.125,.222,.125,.347
William Contreras,ATL,C,24,5,16,4,4,0,0,3,6,1,0,3,6,0,0,0,.250,.368,.813,1.181
Lars Nootbaar,STL,OF,24,7,16,3,2,0,0,0,1,1,0,3,9,0,0,0,.125,.263,.125,.388
Cam Gallagher,KC,C,29,8,16,1,5,2,0,0,2,0,0,1,4,1,0,0,.313,.353,.438,.791
Rene Pinto,TB,C,25,5,15,1,3,0,0,1,2,0,0,0,6,0,0,0,.200,.200,.400,.600
Garrett Stubbs,PHI,C,28,6,14,0,4,1,1,0,1,0,0,1,3,0,0,0,.286,.333,.500,.833
Tyler Heineman,TOR,C,30,8,14,2,4,2,0,0,1,0,0,0,3,0,0,0,.286,.286,.429,.715
Stephen Vogt,OAK,C,37,6,14,3,1,0,0,1,1,0,0,1,6,0,0,0,.071,.133,.286,.419
Manny Pina,ATL,C,34,5,14,1,2,0,0,0,2,0,0,1,1,0,1,1,.143,.235,.143,.378
Trayce Thompson,SD,OF,31,6,14,1,1,0,0,0,2,0,1,2,7,0,0,0,.071,.188,.071,.259
Luke Maile,CLE,C,31,5,14,3,4,4,0,0,2,0,0,2,3,0,0,0,.286,.375,.571,.946
Zach Reks,TEX,OF,28,6,14,2,4,1,0,0,3,0,1,0,6,0,0,0,.286,.286,.357,.643
Austin Allen,OAK,C,28,5,14,1,1,0,0,0,0,0,0,1,9,0,0,1,.071,.188,.071,.259
Hoy Park,PIT,SS,26,5,14,2,3,1,0,0,2,0,0,1,7,0,0,0,.214,.267,.286,.553
Brendan Donovan,STL,2B,25,10,13,2,2,0,0,0,1,0,0,0,2,0,0,1,.154,.214,.154,.368
Garrett Hampson,COL,2B,27,6,13,4,2,0,0,1,3,1,0,2,3,1,0,0,.154,.267,.385,.652
Tim Locastro,NYY,OF,29,15,13,8,3,0,0,1,2,4,1,2,4,0,0,0,.231,.333,.462,.795
Albert Almora,CIN,OF,28,3,12,2,4,1,0,0,0,1,0,0,4,0,0,0,.333,.333,.417,.750
Dee Strange-Gordon,WAS,2B,34,6,12,1,2,0,0,0,0,0,0,0,3,0,0,0,.167,.167,.167,.334
Luis Campusano,SD,C,23,4,12,1,1,0,0,0,1,0,0,0,2,0,1,0,.083,.077,.083,.160
Bryan Lavastida,CLE,C,23,6,12,0,1,0,0,0,0,0,0,3,4,0,0,0,.083,.267,.083,.350
Luke Williams,SF,OF,25,8,12,1,3,1,0,0,3,0,0,0,4,0,0,0,.250,.250,.333,.583
Emmanuel Rivera,KC,3B,25,6,11,0,2,0,0,0,0,0,0,1,3,0,0,0,.182,.250,.182,.432
Mark Kolozsvary,CIN,C,26,6,11,0,1,1,0,0,1,0,0,0,5,0,0,0,.091,.091,.182,.273
Roman Quinn,PHI,OF,28,8,11,2,2,0,0,0,1,3,0,1,3,0,0,0,.182,.250,.182,.432
Matt Davidson,ARI,DH,31,5,10,1,1,0,0,1,1,0,0,3,3,0,0,0,.100,.308,.400,.708
Dustin Garneau,DET,C,34,8,10,1,3,1,0,0,1,0,0,1,4,0,0,0,.300,.364,.400,.764
Royce Lewis,MIN,SS,22,3,10,0,3,1,0,0,0,0,0,0,1,0,0,0,.300,.300,.400,.700
Adam Haseley,CWS,OF,26,5,10,0,2,0,0,0,0,0,0,2,2,0,0,0,.200,.333,.200,.533
MJ Melendez,KC,C,23,4,9,0,3,1,0,0,0,0,0,1,1,0,0,0,.333,.400,.444,.844
Christian Lopes,OAK,2B,29,4,9,0,0,0,0,0,0,0,0,1,5,0,0,0,.000,.100,.000,.100
Jason Krizan,SF,OF,32,3,8,0,1,0,0,0,0,0,0,2,3,0,0,0,.125,.300,.125,.425
Gabriel Arias,CLE,SS,22,2,8,2,1,0,0,0,1,0,0,0,3,0,0,0,.125,.125,.125,.250
Drew Ellis,ARI,3B,26,3,8,1,1,0,0,0,1,0,0,0,4,0,0,0,.125,.125,.125,.250
Simon Muzziotti,PHI,OF,23,9,7,0,1,0,0,0,0,0,0,0,2,1,0,1,.143,.250,.143,.393
Jonathan Arauz,BOS,2B,23,5,7,1,0,0,0,0,1,0,0,0,2,1,1,0,.000,.000,.000,.000
Josh Rojas,ARI,2B,27,2,7,1,2,0,0,0,0,0,0,1,1,0,0,0,.286,.375,.286,.661
Alex Jackson,MIL,C,26,3,7,0,2,0,0,0,0,0,0,0,4,0,0,0,.286,.286,.286,.572
Yu Chang,CLE,3B,26,3,7,0,0,0,0,0,0,0,0,0,5,0,0,0,.000,.000,.000,.000
Danny Jansen,TOR,C,27,3,7,3,4,1,0,2,2,0,0,1,0,0,0,0,.571,.625,1.571,2.196
Gosuke Katoh,TOR,2B,27,8,7,2,1,1,0,0,0,0,0,3,1,1,0,0,.143,.400,.286,.686
Connor Wong,BOS,C,25,2,6,0,1,0,0,0,1,0,0,0,1,0,1,0,.167,.143,.167,.310
Heliot Ramos,SF,OF,22,4,6,2,2,0,0,0,0,0,0,1,2,0,0,0,.333,.429,.333,.762
Daz Cameron,DET,OF,25,2,5,1,0,0,0,0,0,1,0,1,3,0,0,0,.000,.167,.000,.167
J.J. Matijevic,HOU,OF,26,2,5,0,0,0,0,0,0,0,0,0,3,0,0,0,.000,.000,.000,.000
Kevin Padlo,SF,3B,25,2,5,0,1,0,0,0,0,0,0,0,0,0,0,0,.200,.200,.200,.400
Rob Refsnyder,BOS,OF,31,3,5,0,2,2,0,0,1,0,0,1,0,0,0,0,.400,.500,.800,1.300
Miguel Andujar,NYY,OF,27,2,5,1,2,0,0,0,0,0,0,0,0,0,0,0,.400,.400,.400,.800
Anthony Alford,PIT,OF,27,2,4,0,1,0,0,0,0,0,0,0,2,0,0,0,.250,.250,.250,.500
Mike Ford,SF,1B,29,1,4,0,1,0,0,0,2,0,0,0,0,0,0,0,.250,.250,.250,.500
JT Riddle,CIN,3B,30,2,4,0,1,0,0,0,0,0,0,0,1,0,0,0,.250,.250,.250,.500
Ramon Laureano,OAK,OF,27,1,4,0,0,0,0,0,0,0,0,0,2,0,0,0,.000,.000,.000,.000
Joe Dunand,MIA,3B,26,1,4,2,2,1,0,1,1,0,0,0,1,0,0,0,.500,.500,1.500,2.000
LaMonte Wade,SF,OF,28,3,4,2,1,0,0,1,2,0,0,1,1,0,0,0,.250,.400,1.000,1.400
Elehuris Montero,COL,3B,23,1,4,0,2,0,0,0,0,0,0,0,2,0,0,0,.500,.500,.500,1.000
Jaylin Davis,BOS,OF,27,2,4,0,2,0,0,0,0,0,0,0,2,0,0,0,.500,.500,.500,1.000
Mickey McDonald,OAK,OF,26,4,4,0,0,0,0,0,0,0,0,2,3,0,0,0,.000,.333,.000,.333
Vinny Capra,TOR,OF,25,3,4,0,0,0,0,0,0,0,0,1,1,0,0,0,.000,.200,.000,.200
Jarren Duran,BOS,OF,25,1,4,1,1,0,1,0,0,0,0,0,1,0,0,1,.250,.400,.750,1.150
Alek Thomas,ARI,OF,22,1,3,1,1,1,0,0,0,0,0,0,1,0,0,0,.333,.333,.667,1.000
Sam Huff,TEX,C,24,1,3,0,1,0,0,0,1,0,0,0,1,0,0,0,.333,.333,.333,.666
Vidal Brujan,TB,2B,24,1,3,0,0,0,0,0,0,0,1,1,0,0,0,0,.000,.250,.000,.250
Ronnie Dawson,CIN,OF,26,1,3,0,0,0,0,0,0,0,0,0,2,0,0,0,.000,.000,.000,.000
DJ Stewart,BAL,OF,28,3,3,0,0,0,0,0,0,0,0,0,2,0,0,0,.000,.000,.000,.000
Drew Jackson,OAK,2B,28,3,3,0,0,0,0,0,0,0,0,0,1,0,0,0,.000,.000,.000,.000
Jose Godoy,MIN,C,27,1,3,2,0,0,0,0,0,0,0,2,2,0,0,0,.000,.400,.000,.400
Michael Perez,PIT,C,29,1,2,1,1,0,0,1,2,0,0,1,0,0,0,0,.500,.667,2.000,2.667
Estevan Florial,NYY,OF,24,1,2,0,0,0,0,0,0,1,0,0,0,0,0,0,.000,.000,.000,.000
Stuart Fairchild,SEA,OF,26,2,2,0,0,0,0,0,0,0,0,0,1,0,0,0,.000,.000,.000,.000
Tucupita Marcano,PIT,2B,22,1,2,1,1,1,0,0,0,0,0,0,1,0,0,0,.500,.500,1.000,1.500
Joe Perez,HOU,3B,22,1,1,0,0,0,0,0,0,0,0,0,1,0,0,0,.000,.000,.000,.000
Nick Plummer,NYM,OF,25,2,1,0,0,0,0,0,0,0,0,0,0,0,0,0,.000,.000,.000,.000
Zach McKinstry,LAD,2B,27,2,1,0,0,0,0,0,0,0,0,0,0,0,0,0,.000,.000,.000,.000
Ka'ai Tom,SF,OF,27,1,1,0,0,0,0,0,0,0,0,0,0,0,0,0,.000,.000,.000,.000
Luis Rengifo,LAA,SS,25,1,0,1,0,0,0,0,0,0,0,1,0,0,0,0,.000,1.000,.000,1.000