Player,Team,Age,G,GS,CG,SHO,IP,H,ER,K,BB,HR,W,L,SV,BS,HLD,ERA,WHIP
Corbin Burnes,MIL,27,7,7,0,0,45.2,28,9,57,8,6,1,2,0,0,0,1.77,0.79
Kevin Gausman,TOR,31,7,7,0,0,45.0,42,12,54,2,0,3,2,0,0,0,2.40,0.98
Max Scherzer,NYM,37,7,7,0,0,44.0,29,13,55,11,5,4,1,0,0,0,2.66,0.91
Pablo Lopez,MIA,26,7,7,0,0,43.0,27,5,46,8,2,4,1,0,0,0,1.05,0.81
Max Fried,ATL,28,7,7,0,0,43.0,38,15,41,4,4,4,2,0,0,0,3.14,0.98
Frankie Montas,OAK,29,7,7,0,0,43.0,32,18,41,12,5,2,3,0,0,0,3.77,1.02
Robbie Ray,SEA,30,7,7,0,0,42.2,35,20,41,15,6,3,3,0,0,0,4.22,1.17
Sandy Alcantara,MIA,26,7,7,0,0,42.2,33,13,37,19,4,2,2,0,0,0,2.74,1.22
Miles Mikolas,STL,33,7,7,0,0,42.1,32,7,31,8,2,3,1,0,0,0,1.49,0.94
Merrill Kelly,ARI,33,7,7,0,0,42.0,36,8,38,11,1,3,1,0,0,0,1.71,1.12
Walker Buehler,LAD,27,7,7,1,1,41.2,39,13,35,10,3,4,1,0,0,0,2.81,1.18
Logan Webb,SF,25,7,7,0,0,41.1,44,16,28,11,1,5,1,0,0,0,3.48,1.33
Justin Verlander,HOU,39,6,6,0,0,40.2,20,7,36,6,4,4,1,0,0,0,1.55,0.64
Framber Valdez,HOU,28,7,7,0,0,40.0,34,13,32,17,1,2,2,0,0,0,2.93,1.28
Aaron Nola,PHI,28,7,7,0,0,40.0,33,17,47,7,6,1,4,0,0,0,3.83,1.00
Nathan Eovaldi,BOS,32,7,7,0,0,40.0,36,14,42,7,9,1,1,0,0,0,3.15,1.08
Shane McClanahan,TB,25,7,7,0,0,39.1,26,11,58,10,5,2,2,0,0,0,2.52,0.92
Yu Darvish,SD,35,7,7,0,0,39.0,35,20,32,11,4,3,1,0,0,0,4.62,1.18
Jordan Lyles,BAL,31,7,7,0,0,39.0,45,19,32,14,5,2,3,0,0,0,4.38,1.51
Joe Musgrove,SD,29,6,6,0,0,39.0,32,9,41,3,3,4,0,0,0,0,2.08,0.90
Kyle Hendricks,CHC,32,7,7,0,0,39.0,36,19,30,13,6,2,3,0,0,0,4.38,1.26
Eduardo Rodriguez,DET,29,7,7,0,0,38.2,31,16,34,15,4,1,2,0,0,0,3.72,1.19
Zack Greinke,KC,38,7,7,0,0,38.1,42,15,14,3,2,0,2,0,0,0,3.52,1.17
Logan Gilbert,SEA,25,7,7,0,0,38.0,28,9,42,14,3,4,1,0,0,0,2.13,1.11
Dylan Cease,CWS,26,7,7,0,0,38.0,27,15,58,15,3,3,1,0,0,0,3.55,1.11
Dane Dunning,TEX,27,7,7,0,0,37.2,34,17,37,13,3,1,2,0,0,0,4.06,1.25
Kyle Gibson,PHI,34,7,7,0,0,37.1,32,17,30,13,4,3,1,0,0,0,4.10,1.21
Josiah Gray,WAS,24,7,7,0,0,37.1,31,18,39,18,8,4,3,0,0,0,4.34,1.31
Brad Keller,KC,26,6,6,0,0,36.2,27,11,22,9,4,1,3,0,0,0,2.70,0.98
Carlos Carrasco,NYM,35,6,6,0,0,36.2,31,13,33,6,3,3,1,0,0,0,3.19,1.01
Gerrit Cole,NYY,31,7,7,0,0,36.2,29,12,46,12,5,3,0,0,0,0,2.95,1.12
Tyler Mahle,CIN,27,8,8,0,0,36.2,36,24,40,18,3,2,4,0,0,0,5.89,1.47
Kyle Freeland,COL,29,7,7,0,0,36.2,47,20,26,11,4,1,4,0,0,0,4.91,1.58
Chris Bassitt,NYM,33,6,6,0,0,36.2,26,10,38,9,4,4,2,0,0,0,2.45,0.95
Sean Manaea,SD,30,6,6,0,0,36.0,28,15,38,12,4,2,3,0,0,0,3.75,1.11
Alek Manoah,TOR,24,6,6,0,0,36.0,23,7,35,9,3,4,0,0,0,0,1.75,0.89
Kyle Wright,ATL,26,6,6,0,0,35.2,30,12,41,11,2,3,2,0,0,0,3.03,1.15
Zach Davies,ARI,29,7,7,0,0,35.1,27,14,28,15,3,2,1,0,0,0,3.57,1.19
Daulton Jefferies,OAK,26,7,7,0,0,35.1,39,19,23,5,4,1,6,0,0,0,4.84,1.25
Carlos Rodon,SF,29,6,6,0,0,35.0,20,7,53,12,0,4,1,0,0,0,1.80,0.91
Tylor Megill,NYM,26,7,7,0,0,34.2,30,17,37,9,4,4,2,0,0,0,4.41,1.13
Cal Quantrill,CLE,27,6,6,0,0,34.1,29,15,20,15,2,1,2,0,0,0,3.93,1.28
Chad Kuhl,COL,29,6,6,0,0,34.1,23,11,30,12,3,3,1,0,0,0,2.88,1.02
Martin Perez,TEX,31,6,6,0,0,34.1,25,8,26,9,0,1,2,0,0,0,2.10,0.99
Jose Berrios,TOR,27,7,7,0,0,34.0,42,22,24,11,6,2,2,0,0,0,5.82,1.56
Adam Wainwright,STL,40,6,6,0,0,34.0,31,12,28,13,2,3,3,0,0,0,3.18,1.29
Chris Flexen,SEA,27,6,6,0,0,34.0,33,16,22,10,5,1,5,0,0,0,4.24,1.26
Drew Rasmussen,TB,26,7,7,0,0,33.2,23,10,27,8,2,3,1,0,0,0,2.67,0.92
Luis Garcia,HOU,25,6,6,0,0,33.2,23,11,37,9,5,3,1,0,0,0,2.94,0.95
Tarik Skubal,DET,25,6,6,0,0,33.2,32,11,34,6,2,2,2,0,0,0,2.94,1.13
Nick Pivetta,BOS,29,7,7,0,0,33.2,33,19,33,14,4,1,4,0,0,0,5.08,1.40
Austin Gomber,COL,28,6,6,0,0,33.0,31,16,29,10,4,2,3,0,0,0,4.36,1.24
Mitch Keller,PIT,26,7,7,0,0,32.2,38,24,26,12,5,0,5,0,0,0,6.61,1.53
Shane Bieber,CLE,26,6,6,0,0,32.2,30,15,29,9,3,1,2,0,0,0,4.13,1.19
Patrick Corbin,WAS,32,7,7,1,0,32.2,40,22,31,17,1,0,5,0,0,0,6.06,1.74
Zach Plesac,CLE,27,6,6,0,0,32.2,34,17,20,10,5,1,3,0,0,0,4.68,1.35
Steven Matz,STL,30,7,7,0,0,32.1,41,23,37,8,6,3,3,0,0,0,6.40,1.52
Shohei Ohtani,LAA,27,33,6,0,0,32.1,24,10,46,7,3,3,2,0,0,0,2.78,0.96
Marco Gonzales,SEA,30,7,7,0,0,32.0,36,12,22,13,8,1,4,0,0,0,3.38,1.53
German Marquez,COL,27,6,6,0,0,32.0,44,23,26,10,6,0,3,0,0,0,6.47,1.69
Nestor Cortes,NYY,27,6,6,0,0,32.0,20,5,42,11,2,1,1,0,0,0,1.41,0.97
Joan Adon,WAS,23,7,7,0,0,32.0,32,25,29,23,4,1,6,0,0,0,7.03,1.72
Joe Ryan,MIN,25,6,6,0,0,31.2,20,9,31,12,2,3,2,0,0,0,2.56,1.01
Zack Wheeler,PHI,31,6,6,0,0,31.2,30,15,32,10,2,1,3,0,0,0,4.26,1.26
Paul Blackburn,OAK,28,6,6,0,0,31.0,24,6,26,3,1,4,0,0,0,0,1.74,0.87
Jordan Montgomery,NYY,29,6,6,0,0,31.0,24,10,25,5,2,0,1,0,0,0,2.90,0.94
Reid Detmers,LAA,22,6,6,1,1,31.0,18,13,20,8,3,2,1,0,0,0,3.77,0.84
Nick Martinez,SD,31,6,6,0,0,30.2,29,15,30,15,6,2,2,0,0,0,4.40,1.43
Jameson Taillon,NYY,30,6,6,0,0,30.2,33,10,25,3,3,3,1,0,0,0,2.93,1.17
Adrian Houser,MIL,29,6,6,0,0,30.1,28,13,25,15,1,3,3,0,0,0,3.86,1.42
Dakota Hudson,STL,27,6,6,0,0,30.1,25,12,18,15,4,2,2,0,0,0,3.56,1.32
JT Brubaker,PIT,28,7,7,0,0,30.1,26,18,33,16,4,0,3,0,0,0,5.34,1.38
Madison Bumgarner,ARI,32,7,7,0,0,30.1,22,6,20,12,4,2,1,0,0,0,1.78,1.12
Bruce Zimmermann,BAL,27,6,6,0,0,30.1,28,9,30,8,1,2,1,0,0,0,2.67,1.19
Clayton Kershaw,LAD,34,5,5,0,0,30.0,19,6,32,3,2,4,0,0,0,0,1.80,0.73
Ian Anderson,ATL,24,6,6,0,0,30.0,26,14,22,16,4,3,1,0,0,0,4.20,1.40
Erick Fedde,WAS,29,6,6,0,0,30.0,28,13,26,15,3,2,2,0,0,0,3.90,1.43
Jose Quintana,PIT,33,6,6,0,0,30.0,23,9,25,13,2,1,1,0,0,0,2.70,1.20
Alex Wood,SF,31,6,6,0,0,30.0,32,12,30,9,4,3,2,0,0,0,3.60,1.37
Julio Urias,LAD,25,6,6,0,0,30.0,25,7,23,8,3,2,2,0,0,0,2.10,1.10
Drew Smyly,CHC,32,6,6,0,0,29.2,34,12,21,6,5,1,4,0,0,0,3.64,1.35
Corey Kluber,TB,36,6,6,0,0,29.2,33,15,27,6,4,1,2,0,0,0,4.55,1.31
Eric Lauer,MIL,26,5,5,0,0,29.2,20,6,42,8,4,3,0,0,0,0,1.82,0.94
Elieser Hernandez,MIA,27,6,6,0,0,29.2,33,21,28,9,8,2,2,0,0,0,6.37,1.42
Ranger Suarez,PHI,26,6,6,0,0,29.1,32,12,22,12,4,3,1,0,0,0,3.68,1.50
Triston McKenzie,CLE,24,6,5,0,0,29.1,21,9,30,9,1,2,2,0,0,0,2.76,1.02
Noah Syndergaard,LAA,29,5,5,0,0,29.1,25,8,21,6,2,3,1,0,0,0,2.45,1.06
Michael Kopech,CWS,26,6,6,0,0,29.0,15,3,30,13,0,0,0,0,0,0,0.93,0.97
Jesus Luzardo,MIA,24,6,6,0,0,29.0,18,13,41,16,4,2,3,0,0,0,4.03,1.17
Freddy Peralta,MIL,25,6,6,0,0,28.2,25,14,38,11,1,2,1,0,0,0,4.40,1.26
Luis Severino,NYY,28,6,6,0,0,28.2,29,13,31,9,4,2,0,0,0,0,4.08,1.33
Tyler Anderson,LAD,32,6,4,0,0,28.2,27,14,27,5,4,3,0,0,0,0,4.40,1.12
Brandon Woodruff,MIL,29,6,6,0,0,28.2,29,19,37,10,4,3,2,0,0,0,5.97,1.36
Charlie Morton,ATL,38,6,6,0,0,28.2,30,18,23,17,3,2,3,0,0,0,5.65,1.64
Jose Urquidy,HOU,27,6,6,0,0,28.2,34,14,19,4,4,2,1,0,0,0,4.40,1.33
Michael Lorenzen,LAA,30,5,5,0,0,28.1,23,13,21,10,4,3,2,0,0,0,4.13,1.16
Zac Gallen,ARI,26,5,5,0,0,28.1,16,3,26,4,0,2,0,0,0,0,0.95,0.71
Antonio Senzatela,COL,27,6,6,0,0,27.2,47,15,8,7,2,2,2,0,0,0,4.88,1.95
Vince Velasquez,CWS,29,6,6,0,0,27.2,30,17,25,12,6,2,3,0,0,0,5.53,1.52
Cole Irvin,OAK,28,5,5,0,0,27.2,25,9,18,7,4,2,1,0,0,0,2.93,1.16
Keegan Thompson,CHC,27,8,1,0,0,27.0,19,5,22,10,2,2,0,0,0,0,1.67,1.07
Trevor Rogers,MIA,24,6,6,0,0,27.0,27,15,21,13,2,1,4,0,0,0,5.00,1.48
Tony Gonsolin,LAD,28,6,6,0,0,27.0,16,4,23,13,1,3,0,0,0,0,1.33,1.07
Patrick Sandoval,LAA,25,5,5,0,0,26.2,22,6,27,12,0,1,1,0,0,0,2.03,1.28
Jake Odorizzi,HOU,32,6,6,0,0,26.2,22,10,17,11,1,3,2,0,0,0,3.38,1.24
Lucas Giolito,CWS,27,5,5,0,0,26.2,21,8,37,9,5,2,1,0,0,0,2.70,1.13
Marcus Stroman,CHC,31,5,5,0,0,26.1,24,15,22,7,4,1,3,0,0,0,5.13,1.18
Michael Wacha,BOS,30,5,5,0,0,26.0,13,4,19,11,2,3,0,0,0,0,1.38,0.92
Yusei Kikuchi,TOR,30,6,6,0,0,26.0,20,12,27,17,4,1,1,0,0,0,4.15,1.42
Vladimir Gutierrez,CIN,26,6,6,0,0,26.0,32,25,19,19,6,0,5,0,0,0,8.65,1.96
MacKenzie Gore,SD,23,5,5,0,0,26.0,23,7,28,9,1,2,1,0,0,0,2.42,1.23
Hunter Greene,CIN,22,6,6,0,0,26.0,32,22,35,15,11,1,5,0,0,0,7.62,1.81
Spenser Watkins,BAL,29,6,6,0,0,26.0,29,15,13,12,4,0,1,0,0,0,5.19,1.58
Josh Winder,MIN,25,6,3,0,0,25.2,18,7,22,7,3,2,1,0,0,0,2.45,0.97
Taylor Hearn,TEX,27,6,6,0,0,25.2,29,15,29,13,3,2,2,0,0,0,5.26,1.64
Humberto Castellanos,ARI,24,7,5,0,0,25.0,23,12,16,7,1,2,1,0,0,0,4.32,1.20
Dylan Bundy,MIN,29,5,5,0,0,25.0,28,16,22,5,4,3,2,0,0,0,5.76,1.32
Aaron Civale,CLE,26,6,6,0,0,24.2,35,27,27,8,6,1,3,0,0,0,9.85,1.74
Garrett Whitlock,BOS,25,8,4,0,0,24.2,15,6,34,8,3,1,1,1,1,0,2.19,0.93
Daniel Lynch,KC,25,5,5,0,0,24.2,23,11,25,9,4,2,2,0,0,0,4.01,1.30
Tyler Wells,BAL,27,6,6,0,0,24.0,23,10,17,4,3,1,2,0,0,0,3.75,1.13
Zach Eflin,PHI,28,5,5,0,0,24.0,26,12,18,5,1,1,2,0,0,0,4.50,1.29
Tanner Houck,BOS,25,7,4,0,0,23.2,22,15,23,11,1,2,3,0,0,0,5.70,1.39
Aaron Ashby,MIL,23,7,3,0,0,23.1,21,11,25,17,2,0,3,0,0,1,4.24,1.63
Ross Stripling,TOR,32,7,5,0,0,23.0,24,12,18,5,2,0,1,0,0,0,4.70,1.26
Carlos Hernandez,KC,25,5,5,0,0,22.2,31,18,10,12,2,0,2,0,0,0,7.15,1.90
Michael King,NYY,26,11,0,0,0,22.2,17,4,31,4,1,2,1,1,1,4,1.59,0.93
Chris Archer,MIN,33,6,6,0,0,22.1,21,11,22,12,6,0,1,0,0,0,4.43,1.48
Chris Paddack,MIN,26,5,5,0,0,22.1,25,10,20,2,0,1,2,0,0,0,4.03,1.21
Justin Steele,CHC,26,6,6,0,0,22.0,26,13,19,13,1,1,4,0,0,0,5.32,1.77
Rich Hill,BOS,42,5,5,0,0,22.0,17,7,17,7,2,0,1,0,0,0,2.86,1.09
Bryse Wilson,PIT,24,6,4,0,0,21.2,23,14,20,10,2,0,2,0,0,0,5.82,1.52
Jordan Hicks,STL,25,7,5,0,0,21.2,13,10,21,12,2,1,3,0,0,0,4.15,1.15
Cristian Javier,HOU,25,6,2,0,0,21.2,11,2,25,6,1,2,0,0,0,0,0.83,0.78
Keegan Akin,BAL,27,9,0,0,0,21.0,13,4,17,4,1,1,0,0,0,1,1.71,0.81
Michael Pineda,DET,33,4,4,0,0,21.0,20,8,12,4,4,1,2,0,0,0,3.43,1.14
Dallas Keuchel,CWS,34,5,5,0,0,21.0,32,16,13,12,3,2,3,0,0,0,6.86,2.10
Beau Brieske,DET,24,4,4,0,0,21.0,15,9,11,10,5,0,2,0,0,0,3.86,1.19
Zach Thompson,PIT,28,6,5,0,0,20.1,26,16,19,10,4,1,3,0,0,0,7.08,1.77
Alex Cobb,SF,34,5,5,0,0,20.1,20,9,28,8,1,2,1,0,0,0,3.98,1.38
Matt Brash,SEA,24,5,5,0,0,20.0,24,17,19,17,3,1,3,0,0,0,7.65,2.05
Wil Crowe,PIT,27,12,0,0,0,20.0,12,5,19,9,0,2,2,1,1,2,2.25,1.05
Dillon Peters,PIT,29,10,3,0,0,19.2,5,4,15,9,0,3,1,0,0,1,1.83,0.71
Bailey Ober,MIN,26,4,4,0,0,19.2,19,6,16,5,2,1,1,0,0,0,2.75,1.22
Josh Rogers,WAS,27,9,3,0,0,19.1,18,11,11,6,4,1,2,0,0,1,5.12,1.24
David Peterson,NYM,26,4,3,0,0,19.0,13,4,16,8,1,1,0,0,0,0,1.89,1.11
Bryce Elder,ATL,22,4,4,0,0,19.0,18,10,12,14,3,1,3,0,0,0,4.74,1.68
Aaron Sanchez,WAS,29,4,4,0,0,19.0,24,16,10,3,3,2,2,0,0,0,7.58,1.42
Jeff Hoffman,CIN,29,12,0,0,0,18.2,16,4,17,6,1,0,0,0,0,0,1.93,1.18
Brock Burke,TEX,25,10,0,0,0,18.2,14,3,27,5,1,3,0,0,0,1,1.45,1.02
Josh Fleming,TB,25,6,2,0,0,18.1,27,13,17,9,2,2,3,0,0,0,6.38,1.96
Taijuan Walker,NYM,29,4,4,0,0,18.0,14,6,8,5,2,1,0,0,0,0,3.00,1.06
Spencer Strider,ATL,23,7,0,0,0,17.2,11,6,26,9,0,0,1,0,1,0,3.06,1.13
Jose Suarez,LAA,24,4,4,0,0,17.0,19,12,15,11,4,0,2,0,0,0,6.35,1.76
Jeffrey Springs,TB,29,10,2,0,0,17.0,10,4,18,3,1,1,1,0,0,0,2.12,0.76
Kyle Bradish,BAL,25,3,3,0,0,17.0,15,8,16,3,3,1,1,0,0,0,4.24,1.06
Connor Overton,CIN,28,3,3,0,0,17.0,12,3,8,6,0,1,0,0,0,0,1.59,1.06
Oliver Ortega,LAA,25,11,0,0,0,16.2,11,3,12,6,1,1,1,0,0,1,1.62,1.02
Nabil Crismatt,SD,27,8,1,0,0,16.2,8,3,13,8,0,1,0,0,0,2,1.62,0.96
Domingo Acevedo,OAK,27,16,0,0,0,16.2,17,7,14,4,3,0,1,0,3,5,3.78,1.26
Cody Poteet,MIA,27,8,0,0,0,16.1,9,1,14,7,0,0,0,0,0,1,0.55,0.98
Nick Nelson,PHI,26,8,0,0,0,16.1,15,7,14,8,1,1,0,0,0,1,3.86,1.41
Jon Gray,TEX,30,4,4,0,0,16.1,13,10,15,7,2,0,1,0,0,0,5.51,1.22
Matt Wisler,TB,29,14,3,0,0,16.1,15,4,13,3,2,1,1,0,1,2,2.20,1.10
Ryan Tepera,LAA,34,15,0,0,0,16.1,7,4,13,6,2,1,0,1,1,9,2.20,0.80
Clay Holmes,NYY,29,16,0,0,0,16.1,10,1,16,2,0,4,0,2,0,7,0.55,0.73
Reiver Sanmartin,CIN,26,5,4,0,0,16.1,28,25,10,9,4,0,4,0,0,0,13.78,2.27
Jimmy Herget,LAA,28,13,1,0,0,16.1,18,7,18,1,1,1,0,0,0,2,3.86,1.16
Alexis Diaz,CIN,25,15,0,0,0,16.1,7,1,18,7,1,1,0,0,0,1,0.55,0.86
Tanner Banks,CWS,30,10,0,0,0,16.0,12,6,12,7,2,0,0,0,0,0,3.38,1.19
Andrew Kittredge,TB,32,13,0,0,0,16.0,11,5,13,1,3,3,0,4,2,0,2.81,0.75
Jorge Lopez,BAL,29,14,0,0,0,16.0,9,2,16,9,0,3,2,4,1,0,1.13,1.13
Ty Blach,COL,31,9,0,0,0,16.0,15,8,11,4,1,1,0,1,1,0,4.50,1.19
Dillon Tate,BAL,28,14,0,0,0,15.2,11,4,13,2,1,0,1,1,0,5,2.30,0.83
Griffin Jax,MIN,27,9,0,0,0,15.2,15,6,18,6,2,3,0,1,0,1,3.45,1.34
Drew Hutchison,DET,31,10,0,0,0,15.2,12,8,15,12,1,0,3,0,0,0,4.60,1.53
Jhoan Duran,MIN,24,11,0,0,0,15.2,10,6,24,3,4,0,1,2,0,3,3.45,0.83
Matt Foster,CWS,27,15,0,0,0,15.2,14,5,15,4,1,0,0,0,0,4,2.87,1.15
David Bednar,PIT,27,13,0,0,0,15.2,8,2,24,3,2,0,0,5,0,4,1.15,0.70
Will Vest,DET,26,12,0,0,0,15.1,4,2,20,3,1,0,1,1,0,0,1.17,0.46
Robert Suarez,SD,31,14,0,0,0,15.1,8,7,18,8,3,2,1,0,2,3,4.11,1.04
Trent Thornton,TOR,28,10,0,0,0,15.1,12,6,10,8,0,0,2,0,0,0,3.52,1.30
Kendall Graveman,CWS,31,14,0,0,0,15.1,13,3,15,5,0,0,1,2,1,7,1.76,1.17
Hector Neris,HOU,32,16,0,0,0,15.0,7,1,13,1,0,1,1,0,0,5,0.60,0.53
Paolo Espino,WAS,35,11,0,0,0,15.0,17,4,11,3,1,0,0,0,0,0,2.40,1.33
Anthony Bass,MIA,34,15,0,0,0,15.0,7,2,16,3,1,1,1,0,0,7,1.20,0.67
Aaron Loup,LAA,34,15,0,0,0,15.0,6,3,15,2,1,0,2,0,0,7,1.80,0.53
A.J. Puk,OAK,27,10,0,0,0,15.0,9,1,15,3,0,1,0,0,0,2,0.60,0.80
Jakob Junis,SF,29,3,1,0,0,15.0,10,2,15,3,1,1,0,0,0,0,1.20,0.87
J.P. Feyereisen,TB,29,12,2,0,0,15.0,3,0,13,3,0,3,0,0,0,3,0.00,0.40
Andre Pallante,STL,23,10,0,0,0,15.0,13,2,9,4,1,0,0,0,0,1,1.20,1.13
Ian Kennedy,ARI,37,15,0,0,0,15.0,13,5,9,9,1,2,1,3,1,5,3.00,1.47
Jhoulys Chacin,COL,34,11,0,0,0,14.2,12,11,13,5,2,3,1,0,0,2,6.75,1.16
Eli Morgan,CLE,26,7,1,0,0,14.2,8,6,16,3,2,1,1,0,0,0,3.68,0.75
Scott Barlow,KC,29,13,0,0,0,14.2,10,2,13,4,1,2,0,3,1,3,1.23,0.95
Matt Moore,TEX,32,9,0,0,0,14.2,10,4,15,12,0,1,0,0,0,1,2.45,1.50
Sonny Gray,MIN,32,4,4,0,0,14.2,11,6,20,9,3,0,1,0,0,0,3.68,1.36
Victor Arano,WAS,27,15,0,0,0,14.2,12,6,20,4,0,0,0,0,0,2,3.68,1.09
Nick Lodolo,CIN,24,3,3,0,0,14.2,18,9,19,5,3,1,2,0,0,0,5.52,1.57
Luis Cessa,CIN,30,12,1,0,0,14.2,13,6,11,3,0,1,0,0,0,2,3.68,1.09
Drew Smith,NYM,28,13,0,0,0,14.1,5,1,19,8,0,0,1,0,0,8,0.63,0.91
Zach Jackson,OAK,27,15,0,0,0,14.1,8,6,18,9,0,0,1,1,0,6,3.77,1.19
Corey Knebel,PHI,30,14,0,0,0,14.1,11,4,14,5,0,0,2,7,1,0,2.51,1.12
Jason Adam,TB,30,14,0,0,0,14.1,4,2,18,4,0,0,1,1,0,2,1.26,0.56
Glenn Otto,TEX,26,3,3,0,0,14.1,8,5,12,6,2,1,0,0,0,0,3.14,0.98
Phil Maton,HOU,29,14,0,0,0,14.1,15,5,10,4,1,0,1,0,1,5,3.14,1.33
Corbin Martin,ARI,26,5,0,0,0,14.1,15,7,14,6,0,0,0,0,0,0,4.40,1.47
Steven Wilson,SD,27,14,0,0,0,14.1,9,4,17,5,2,3,0,1,1,5,2.51,0.98
John King,TEX,27,14,0,0,0,14.0,16,5,12,7,1,1,1,0,0,3,3.21,1.64
Felix Bautista,BAL,26,14,0,0,0,14.0,10,3,16,5,1,0,1,2,0,1,1.93,1.07
Erik Swanson,SEA,28,13,0,0,0,14.0,10,2,21,1,2,0,0,0,0,3,1.29,0.79
John Brebbia,SF,31,13,0,0,0,14.0,8,2,14,4,0,0,0,0,0,2,1.29,0.86
Trevor Richards,TOR,28,14,0,0,0,14.0,13,6,16,6,3,1,0,0,0,4,3.86,1.36
Edwin Diaz,NYM,28,14,0,0,0,14.0,7,3,24,5,3,1,0,7,1,0,1.93,0.86
Sam Hentges,CLE,25,12,0,0,0,14.0,7,2,18,2,0,0,0,0,0,0,1.29,0.64
Taylor Rogers,SD,31,14,0,0,0,14.0,6,1,15,2,0,0,0,13,1,0,0.64,0.57
Austin Voth,WAS,29,14,0,0,0,13.2,18,6,16,3,2,0,0,0,0,1,3.95,1.54
A.J. Minter,ATL,28,14,0,0,0,13.2,7,3,21,2,0,0,0,0,0,4,1.98,0.66
Adam Cimber,TOR,31,14,0,0,0,13.2,10,4,9,2,1,4,2,1,2,5,2.63,0.88
Tyler Duffey,MIN,31,12,0,0,0,13.2,13,5,13,3,2,1,2,0,2,4,3.29,1.17
Rafael Montero,HOU,31,14,0,0,0,13.2,8,1,17,3,1,1,0,3,0,3,0.66,0.80
Hunter Strickland,CIN,33,14,0,0,0,13.2,14,10,11,14,1,0,1,0,0,0,6.59,2.05
Liam Hendriks,CWS,33,14,0,0,0,13.2,16,7,20,4,3,0,2,9,2,0,4.61,1.46
Jaime Barria,LAA,25,5,0,0,0,13.2,10,3,10,1,2,1,0,0,0,0,1.98,0.80
Jonathan Loaisiga,NYY,27,14,0,0,0,13.2,10,9,12,8,3,1,1,0,1,4,5.93,1.32
Jordan Romano,TOR,29,15,0,0,0,13.2,12,5,16,5,2,1,2,12,2,0,3.29,1.24
Scott Effross,CHC,28,14,1,0,0,13.2,11,2,15,1,0,0,1,0,0,2,1.32,0.88
Dauri Moreta,CIN,26,15,1,0,0,13.2,15,15,16,6,7,0,1,0,0,1,9.88,1.54
Tyler Rogers,SF,31,15,0,0,0,13.2,11,3,10,2,0,0,1,0,0,7,1.98,0.95
Bryan Abreu,HOU,25,10,0,0,0,13.2,15,6,21,6,1,2,0,0,0,2,3.95,1.54
Cole Sulser,MIA,32,14,0,0,0,13.1,8,4,12,7,1,0,1,1,1,5,2.70,1.13
Cody Stashak,MIN,27,8,0,0,0,13.1,14,6,12,0,1,3,0,0,0,0,4.05,1.05
Kyle Nelson,ARI,25,13,0,0,0,13.1,7,2,14,2,0,1,0,0,0,5,1.35,0.68
Zach Logue,OAK,26,3,2,0,0,13.1,11,2,12,3,2,2,1,0,0,0,1.35,1.05
Collin Snider,KC,26,15,0,0,0,13.1,11,6,12,6,1,2,1,0,1,4,4.05,1.28
Kris Bubic,KC,24,6,5,0,0,13.1,19,19,10,11,5,0,3,0,0,0,12.83,2.25
Evan Phillips,LAD,27,13,0,0,0,13.1,8,5,16,2,1,1,1,0,1,1,3.38,0.75
Brusdar Graterol,LAD,23,14,0,0,0,13.1,9,6,12,7,1,0,2,0,0,4,4.05,1.20
Trevor Stephan,CLE,26,13,0,0,0,13.1,6,2,15,3,0,2,0,1,0,3,1.35,0.68
Austin Davis,BOS,29,14,0,0,0,13.1,12,4,16,6,2,0,1,0,1,1,2.70,1.35
Will Smith,ATL,32,13,0,0,0,13.1,7,6,11,4,4,0,1,1,1,1,4.05,0.83
Anthony DeSclafani,SF,32,3,3,0,0,13.1,22,9,13,2,2,0,1,0,0,0,6.08,1.80
Hansel Robles,BOS,31,13,0,0,0,13.1,8,4,10,6,2,1,1,1,2,6,2.70,1.05
Michael Fulmer,DET,29,13,0,0,0,13.1,7,4,10,7,1,1,2,1,1,4,2.70,1.05
Noe Ramirez,ARI,32,15,0,0,0,13.1,12,7,12,5,2,0,1,0,0,7,4.73,1.28
Chad Green,NYY,30,12,0,0,0,13.1,12,5,14,5,1,1,1,1,2,2,3.38,1.28
Jarlin Garcia,SF,29,13,0,0,0,13.1,4,0,10,6,0,1,1,0,0,1,0.00,0.75
Joe Jimenez,DET,27,14,0,0,0,13.1,10,6,14,5,2,1,0,0,0,2,4.05,1.13
Jake Woodford,STL,25,7,0,0,0,13.0,11,3,9,6,0,1,0,0,0,0,2.08,1.31
Joey Krehbiel,BAL,29,14,0,0,0,13.0,10,5,9,6,1,1,3,0,0,4,3.46,1.23
Taylor Clarke,KC,29,13,0,0,0,13.0,11,2,11,0,2,1,0,1,1,2,1.38,0.85
Nick Wittgren,STL,30,16,0,0,0,13.0,14,6,7,5,0,0,0,0,0,4,4.15,1.46
Erasmo Ramirez,WAS,32,9,0,0,0,13.0,12,3,9,1,2,0,0,0,0,0,2.08,1.00
Genesis Cabrera,STL,25,12,0,0,0,13.0,11,4,9,4,4,1,1,0,0,3,2.77,1.15
Joel Payamps,KC,28,9,0,0,0,13.0,15,3,11,3,0,1,1,0,0,0,2.08,1.38
Dany Jimenez,OAK,28,13,0,0,0,13.0,8,0,15,5,0,1,1,6,0,1,0.00,1.00
Michael Rucker,CHC,28,7,0,0,0,13.0,11,7,14,5,2,0,0,0,0,0,4.85,1.23
Camilo Doval,SF,24,12,0,0,0,12.2,10,4,18,6,1,0,1,5,1,0,2.84,1.26
Jalen Beeks,TB,28,7,0,0,0,12.2,8,3,16,4,2,1,0,0,0,0,2.13,0.95
Alex Lange,DET,26,15,0,0,0,12.2,7,3,15,5,0,0,1,0,0,3,2.13,0.95
Drew Steckenrider,SEA,31,13,0,0,0,12.2,13,5,9,5,1,0,1,2,1,3,3.55,1.42
Seranthony Dominguez,PHI,27,13,0,0,0,12.2,9,4,17,4,0,2,1,0,0,6,2.84,1.03
Mychal Givens,CHC,32,13,0,0,0,12.2,11,5,20,6,3,2,0,1,2,3,3.55,1.34
Wily Peralta,DET,33,8,1,0,0,12.2,10,1,14,9,0,0,0,0,0,1,0.71,1.50
Gabe Speier,KC,27,9,1,0,0,12.2,7,3,8,0,2,0,0,0,0,1,2.13,0.55
Raisel Iglesias,LAA,32,14,0,0,0,12.2,6,3,16,3,1,1,0,8,0,0,2.13,0.71
Josh Staumont,KC,28,14,0,0,0,12.2,12,6,19,7,1,0,0,2,2,1,4.26,1.50
James Kaprielian,OAK,28,3,3,0,0,12.2,9,7,10,9,1,0,2,0,0,0,4.97,1.42
Reynaldo Lopez,CWS,28,11,0,0,0,12.2,11,5,8,4,0,4,0,0,1,2,3.55,1.18
Miguel Castro,NYY,27,14,0,0,0,12.1,7,2,12,8,0,2,0,0,0,4,1.46,1.22
Brett Martin,TEX,27,15,0,0,0,12.1,11,5,11,4,0,0,3,0,1,3,3.65,1.22
Seth Lugo,NYM,32,13,0,0,0,12.1,11,4,13,4,1,0,1,2,1,5,2.92,1.22
Tanner Scott,MIA,27,15,0,0,0,12.1,10,6,22,7,2,0,1,1,0,0,4.38,1.38
Tyler Alexander,DET,27,4,4,0,0,12.1,17,12,9,5,3,0,3,0,0,0,8.76,1.78
Matt Bush,TEX,36,14,2,0,0,12.1,11,5,15,2,3,1,1,1,1,4,3.65,1.05
Garrett Richards,TEX,33,10,2,0,0,12.1,10,8,13,7,2,1,1,0,0,0,5.84,1.38
David Phelps,TOR,35,14,0,0,0,12.1,7,4,11,8,0,0,0,0,1,2,2.92,1.22
Josh Hader,MIL,28,13,0,0,0,12.1,2,0,18,5,0,0,0,13,0,0,0.00,0.57
Bryan Baker,BAL,27,12,1,0,0,12.1,12,6,14,2,1,1,1,0,0,1,4.38,1.14
Dylan Coleman,KC,25,14,0,0,0,12.1,6,3,16,11,2,1,1,0,0,1,2.19,1.38
Emmanuel Clase,CLE,24,14,0,0,0,12.1,9,4,11,3,1,1,2,6,2,0,2.92,0.97
Kyle Finnegan,WAS,30,13,0,0,0,12.1,10,6,13,5,2,1,0,0,0,4,4.38,1.22
Justin Lawrence,COL,27,11,0,0,0,12.1,9,3,16,10,0,1,0,0,0,1,2.19,1.54
Cristopher Sanchez,PHI,25,5,1,0,0,12.1,10,8,12,6,2,0,1,0,0,0,5.84,1.30
Anthony Bender,MIA,27,13,0,0,0,12.0,12,6,12,4,3,0,3,6,2,1,4.50,1.33
Kenley Jansen,ATL,34,12,0,0,0,12.0,6,4,17,3,0,1,0,8,0,0,3.00,0.75
Steve Cishek,WAS,35,15,0,0,0,12.0,12,7,16,6,1,0,1,0,1,3,5.25,1.50
David Robertson,CHC,37,11,0,0,0,12.0,3,2,17,6,1,1,0,5,0,0,1.50,0.75
Matt Festa,SEA,29,11,0,0,0,12.0,12,7,20,5,5,0,0,0,0,1,5.25,1.42
Ashton Goudeau,COL,29,7,0,0,0,12.0,15,8,7,5,1,0,0,1,0,0,6.00,1.67
Bailey Falter,PHI,25,5,1,0,0,12.0,13,5,7,2,2,0,1,0,0,0,3.75,1.25
Tim Mayza,TOR,30,14,0,0,0,12.0,11,3,11,2,1,1,0,0,1,7,2.25,1.08
Buck Farmer,CIN,31,10,0,0,0,12.0,15,9,17,7,2,0,0,0,0,0,6.75,1.83
Devin Williams,MIL,27,14,0,0,0,12.0,10,7,21,11,0,2,0,2,0,9,5.25,1.75
Yimi Garcia,TOR,31,13,0,0,0,12.0,10,6,8,3,1,0,2,0,2,6,4.50,1.08
Caleb Thielbar,MIN,35,13,0,0,0,12.0,11,10,17,7,1,1,0,0,0,2,7.50,1.50
Jose Ruiz,CWS,27,14,0,0,0,12.0,10,3,17,7,1,0,0,0,0,8,2.25,1.42
Hoby Milner,MIL,31,13,0,0,0,12.0,10,6,10,3,1,2,0,0,0,0,4.50,1.08
Collin McHugh,ATL,34,12,0,0,0,12.0,13,7,18,4,1,0,1,0,1,1,5.25,1.42
Heath Hembree,PIT,33,15,0,0,0,12.0,13,10,8,8,5,2,0,0,1,2,7.50,1.75
Paul Fry,BAL,29,12,0,0,0,12.0,9,8,12,7,1,0,0,0,0,1,6.00,1.33
Jacob Barnes,DET,32,13,0,0,0,12.0,8,3,4,3,2,3,0,0,1,2,2.25,0.92
Jandel Gustave,MIL,29,11,0,0,0,12.0,12,8,14,4,3,0,0,0,0,1,6.00,1.33
Danny Coulombe,MIN,32,9,0,0,0,12.0,5,1,9,7,0,0,0,0,0,0,0.75,1.00
Chasen Shreve,NYM,31,10,0,0,0,11.2,6,2,17,2,0,1,0,0,0,2,1.54,0.69
Jeurys Familia,PHI,32,13,0,0,0,11.2,12,5,14,4,2,1,0,0,2,4,3.86,1.37
Chris Stratton,PIT,31,13,0,0,0,11.2,17,8,11,4,0,1,1,2,2,3,6.17,1.80
Luis Garcia,SD,35,12,0,0,0,11.2,11,4,9,1,0,1,2,0,0,7,3.09,1.03
Zack Littell,SF,26,11,0,0,0,11.2,14,5,11,0,3,0,1,0,0,2,3.86,1.20
Rowan Wick,CHC,29,11,0,0,0,11.2,10,1,14,5,0,1,0,2,0,3,0.77,1.29
Joe Mantiply,ARI,31,14,0,0,0,11.2,9,1,7,1,0,1,0,2,1,3,0.77,0.86
Julian Merryweather,TOR,30,12,0,0,0,11.2,12,9,12,1,1,0,2,0,0,0,6.94,1.11
Craig Stammen,SD,38,11,0,0,0,11.2,12,4,10,0,2,0,0,0,1,2,3.09,1.03
Mark Melancon,ARI,37,13,0,0,0,11.2,18,8,4,3,1,0,4,7,1,0,6.17,1.80
Adam Ottavino,NYM,36,13,0,0,0,11.2,11,7,20,6,1,1,1,0,1,2,5.40,1.46
Bennett Sousa,CWS,27,14,0,0,0,11.2,8,5,8,5,1,1,0,1,1,3,3.86,1.11
Joe Barlow,TEX,26,11,0,0,0,11.1,6,2,14,3,2,1,0,6,0,0,1.59,0.79
Ryan Thompson,TB,29,14,0,0,0,11.1,8,3,9,4,2,1,1,2,1,3,2.38,1.06
Daniel Bard,COL,36,12,0,0,0,11.1,7,3,15,3,1,1,0,9,1,0,2.38,0.88
Aroldis Chapman,NYY,34,13,0,0,0,11.1,5,1,12,8,0,0,0,8,0,0,0.79,1.15
Tyler Kinley,COL,31,13,0,0,0,11.1,8,1,13,5,0,0,0,0,0,6,0.79,1.15
Brad Boxberger,MIL,33,13,0,0,0,11.1,7,2,10,1,0,1,0,0,3,8,1.59,0.71
Ryan Brasier,BOS,34,15,0,0,0,11.1,13,5,11,2,2,0,1,0,1,4,3.97,1.32
Carlos Estevez,COL,29,13,0,0,0,11.1,15,7,7,5,3,1,1,0,0,2,5.56,1.76
Chase De Jong,PIT,28,6,0,0,0,11.1,7,2,6,4,1,1,0,0,0,1,1.59,0.97
Jacob Lemoine,OAK,28,7,0,0,0,11.1,11,7,9,5,2,0,0,0,0,0,5.56,1.41
Matt Strahm,BOS,30,14,0,0,0,11.0,6,3,11,2,0,1,1,1,0,3,2.45,0.73
Brent Suter,MIL,32,11,0,0,0,11.0,11,5,8,5,1,1,0,0,0,1,4.09,1.45
T.J. McFarland,STL,32,12,0,0,0,11.0,14,8,6,4,2,0,0,0,0,1,6.55,1.64
Trevor Gott,MIL,29,11,0,0,0,11.0,6,2,15,1,1,1,0,0,1,4,1.64,0.64
Trevor Williams,NYM,30,5,1,0,0,11.0,16,7,9,2,1,0,2,0,1,0,5.73,1.64
Nick Sandlin,CLE,25,11,0,0,0,11.0,7,5,6,8,2,2,1,0,0,4,4.09,1.36
Wandy Peralta,NYY,30,10,0,0,0,11.0,8,2,6,5,0,1,0,0,1,2,1.64,1.18
Art Warren,CIN,29,12,0,0,0,11.0,12,8,13,7,2,1,1,1,1,1,6.55,1.73
Giovanny Gallegos,STL,30,11,0,0,0,11.0,10,5,8,3,0,0,1,6,1,0,4.09,1.18
Andres Machado,WAS,29,10,0,0,0,11.0,8,3,8,5,0,0,0,0,0,0,2.45,1.18
Aaron Bummer,CWS,28,12,0,0,0,11.0,11,6,15,8,1,0,1,1,1,7,4.91,1.73
Diego Castillo,SEA,28,13,0,0,0,10.2,18,11,10,6,1,1,0,1,0,0,9.28,2.25
Joe Smith,MIN,38,13,0,0,0,10.2,5,0,7,2,0,1,0,0,0,6,0.00,0.66
Daniel Hudson,LAD,35,11,0,0,0,10.2,9,4,13,3,1,1,3,1,0,5,3.38,1.13
Kutter Crawford,BOS,26,8,0,0,0,10.2,15,10,14,8,2,1,1,0,0,0,8.44,2.16
Blake Taylor,HOU,26,12,0,0,0,10.2,8,1,4,4,1,1,1,0,0,3,0.84,1.13
Mike Mayers,LAA,30,11,0,0,0,10.2,9,6,6,5,2,1,0,0,1,1,5.06,1.31
Bryan Shaw,CLE,34,15,0,0,0,10.2,11,7,4,5,2,1,0,0,0,3,5.91,1.50
Tyler Matzek,ATL,31,13,0,0,0,10.2,6,6,10,9,1,0,1,0,0,6,5.06,1.41
Ryne Stanek,HOU,30,12,0,0,0,10.2,7,2,11,7,1,0,0,1,0,1,1.69,1.31
Chris Martin,CHC,35,13,0,0,0,10.2,14,4,14,3,1,0,0,0,1,2,3.38,1.59
Paul Sewald,SEA,31,10,0,0,0,10.2,4,4,12,1,2,2,1,1,1,1,3.38,0.47
Travis Lakins,BAL,27,6,0,0,0,10.1,14,11,8,6,3,0,1,0,0,0,9.58,1.94
Tony Santillan,CIN,25,11,0,0,0,10.1,12,8,14,5,1,0,0,1,1,2,6.97,1.65
Alex Colome,COL,33,11,0,0,0,10.1,18,6,6,6,0,1,0,2,1,3,5.23,2.32
Matt Barnes,BOS,31,12,0,0,0,10.1,11,9,8,6,1,0,3,1,1,0,7.84,1.65
Anthony Gose,CLE,31,11,0,0,0,10.1,8,6,14,6,2,1,0,0,1,0,5.23,1.35
Andrew Heaney,LAD,30,2,2,0,0,10.1,4,0,16,3,0,1,0,0,0,0,0.00,0.68
Jake McGee,SF,35,11,0,0,0,10.1,16,11,6,4,1,1,1,2,1,1,9.58,1.94
Miguel Yajure,PIT,24,6,0,0,0,10.1,16,13,4,6,1,1,0,0,0,0,11.32,2.13
Sam Long,SF,26,9,3,0,0,10.1,8,4,8,5,1,0,1,0,0,0,3.48,1.26
Phillips Valdez,BOS,30,8,0,0,0,10.1,6,7,11,4,0,0,1,0,0,0,6.10,0.97
James Norwood,PHI,28,12,0,0,0,10.1,10,8,11,2,1,1,0,0,0,1,6.97,1.16
Mark Leiter,CHC,31,4,3,0,0,10.1,11,9,10,7,2,0,1,0,0,0,7.84,1.74
Cionel Perez,BAL,26,12,0,0,0,10.1,11,1,10,5,1,1,0,0,0,3,0.87,1.55
Alex Faedo,DET,26,2,2,0,0,10.0,12,4,8,3,1,0,1,0,0,0,3.60,1.50
Casey Mize,DET,25,2,2,0,0,10.0,13,6,4,2,1,0,1,0,0,0,5.40,1.50
Kodi Whitley,STL,27,11,0,0,0,10.0,7,5,10,6,0,2,0,0,0,1,4.50,1.30
Phoenix Sanders,TB,26,5,0,0,0,10.0,8,2,9,2,0,0,0,0,0,0,1.80,1.00
Kirby Snead,OAK,27,12,0,0,0,10.0,16,6,7,3,1,0,0,0,1,4,5.40,1.90
Louis Head,MIA,32,11,0,0,0,10.0,8,2,7,5,0,0,0,1,0,0,1.80,1.30
Sam Moll,OAK,30,12,0,0,0,10.0,3,0,12,5,0,0,0,0,0,5,0.00,0.80
Dominic Leone,SF,30,12,0,0,0,10.0,13,3,11,2,1,2,0,1,1,3,2.70,1.50
Phil Bickford,LAD,26,11,0,0,0,10.0,8,4,8,3,2,0,0,0,0,1,3.60,1.10
Brooks Raley,TB,33,12,0,0,0,10.0,8,3,13,2,0,1,0,3,1,3,2.70,1.00
Hirokazu Sawamura,BOS,34,12,0,0,0,10.0,9,4,7,3,1,0,1,0,0,1,3.60,1.20
Kolby Allard,TEX,24,5,0,0,0,10.0,9,6,7,3,3,0,2,0,0,0,5.40,1.20
Amir Garrett,KC,30,11,0,0,0,10.0,2,3,10,7,0,1,0,0,0,0,2.70,0.90
Adam Kolarek,OAK,33,9,0,0,0,10.0,9,4,6,4,0,0,0,0,0,0,3.60,1.30
Joely Rodriguez,NYM,30,12,0,0,0,10.0,5,5,13,5,1,0,1,0,0,4,4.50,1.00
Sean Reid-Foley,NYM,26,7,0,0,0,10.0,7,6,8,7,1,0,0,0,0,0,5.40,1.40
Jackson Stephens,ATL,28,6,0,0,0,10.0,8,2,12,3,1,0,0,1,0,0,1.80,1.10
Ryan Helsley,STL,27,8,0,0,0,10.0,1,0,20,0,0,1,0,1,0,3,0.00,0.10
Jake Diekman,BOS,35,13,0,0,0,9.2,8,4,15,8,2,0,0,1,2,8,3.72,1.66
Lucas Luetge,NYY,35,12,0,0,0,9.2,10,5,12,4,0,1,0,0,0,3,4.66,1.45
Tyler Beede,SF,28,6,0,0,0,9.2,14,5,4,6,1,0,0,0,0,0,4.66,2.07
Beau Sulser,PIT,28,4,0,0,0,9.2,8,4,10,6,1,0,0,0,0,0,3.72,1.45
Adam Oller,OAK,27,3,3,0,0,9.2,15,12,8,8,4,0,2,0,0,0,11.17,2.38
Andres Munoz,SEA,23,11,0,0,0,9.2,9,4,18,5,1,1,0,1,1,2,3.72,1.45
Emilio Pagan,MIN,31,10,0,0,0,9.2,6,2,14,10,2,0,1,4,1,1,1.86,1.66
Jose Alvarado,PHI,26,13,0,0,0,9.2,12,8,15,6,0,0,0,0,0,4,7.45,1.86
Caleb Smith,ARI,30,6,1,0,0,9.1,11,10,12,8,4,0,1,0,0,1,9.64,2.04
Rony Garcia,DET,24,6,0,0,0,9.1,5,2,8,2,0,0,0,0,0,0,1.93,0.75
Gregory Soto,DET,27,11,0,0,0,9.1,8,4,9,8,1,1,2,4,1,1,3.86,1.71
J.B. Wendelken,ARI,29,9,0,0,0,9.1,13,8,5,3,2,0,1,0,0,0,7.71,1.71
Daniel Norris,CHC,29,8,1,0,0,9.1,6,7,11,4,2,0,2,0,0,1,6.75,1.07
Brad Hand,PHI,32,14,0,0,0,9.1,6,2,13,7,0,1,1,1,0,4,1.93,1.39
Aaron Brooks,STL,32,5,0,0,0,9.1,11,8,7,2,3,0,0,0,0,0,7.71,1.39
Steven Okert,MIA,30,13,0,0,0,9.1,4,3,13,4,1,2,0,0,1,3,2.89,0.86
Andrew Bellatti,PHI,30,11,0,0,0,9.1,8,3,15,5,1,1,0,0,0,1,2.89,1.39
Ronald Bolanos,KC,25,4,0,0,0,9.0,10,3,5,8,1,0,0,0,0,0,3.00,2.00
Justin Grimm,OAK,32,10,0,0,0,9.0,11,5,7,3,0,0,0,0,0,2,5.00,1.56
Mike Clevinger,SD,31,2,2,0,0,9.0,10,5,10,5,1,0,0,0,0,0,5.00,1.67
Jose Alvarez,SF,33,12,0,0,0,8.2,6,3,8,3,0,1,0,0,0,1,3.12,1.04
Archie Bradley,LAA,29,8,0,0,0,8.2,8,7,7,2,1,0,0,1,0,3,7.27,1.15
Richard Bleier,MIA,35,11,0,0,0,8.2,11,4,6,2,1,0,0,0,0,2,4.15,1.50
Tanner Rainey,WAS,29,9,0,0,0,8.2,9,3,10,2,0,0,1,3,1,0,3.12,1.27
Konnor Pilkington,CLE,24,4,1,0,0,8.2,5,2,11,4,0,0,0,0,0,0,2.08,1.04
Darren O'Day,ATL,39,10,0,0,0,8.2,6,4,8,2,1,1,0,0,0,2,4.15,0.92
Craig Kimbrel,LAD,33,9,0,0,0,8.2,7,1,9,3,0,0,0,5,0,0,1.04,1.15
Penn Murfee,SEA,28,6,0,0,0,8.2,2,0,11,1,0,0,0,0,0,0,0.00,0.35
Alex Vesia,LAD,26,11,0,0,0,8.2,5,3,11,3,0,0,0,0,0,1,3.12,0.92
Tyler Gilbert,ARI,28,2,1,0,0,8.2,5,2,6,2,1,0,1,0,0,0,2.08,0.81
Anthony Misiewicz,SEA,27,11,0,0,0,8.2,8,2,5,2,0,0,0,0,0,3,2.08,1.15
Aaron Fletcher,PIT,26,8,0,0,0,8.2,10,9,6,3,2,0,1,0,0,0,9.35,1.50
Yohan Ramirez,SEA,27,7,0,0,0,8.1,7,7,10,6,3,1,0,0,1,0,7.56,1.56
Austin Warren,LAA,26,7,0,0,0,8.1,8,4,5,5,1,2,0,0,1,0,4.32,1.56
Jesse Chavez,ATL,38,7,1,0,0,8.1,11,2,11,0,0,0,0,0,0,0,2.16,1.32
Clarke Schmidt,NYY,26,4,0,0,0,8.1,4,1,8,4,1,2,2,0,0,0,1.08,0.96
Dinelson Lamet,SD,29,10,0,0,0,8.1,10,9,10,7,2,0,1,0,0,1,9.72,2.04
Trevor May,NYM,32,8,0,0,0,8.1,13,8,5,3,2,1,0,1,0,2,8.64,1.92
Tyler Thornburg,ATL,33,8,0,0,0,8.1,12,4,8,3,0,0,0,0,0,0,4.32,1.80
Matt Manning,DET,24,2,2,0,0,8.0,6,2,4,0,1,0,0,0,0,0,2.25,0.75
Mitch White,LAD,27,4,0,0,0,8.0,7,4,8,2,0,0,0,0,0,0,4.50,1.13
Dennis Santana,TEX,26,10,0,0,0,8.0,3,1,2,2,0,0,1,0,0,5,1.13,0.63
John Means,BAL,29,2,2,0,0,8.0,8,3,7,2,0,0,0,0,0,0,3.38,1.25
Colin Poche,TB,28,9,0,0,0,8.0,4,2,6,2,2,0,0,0,0,6,2.25,0.75
Jake Cousins,MIL,27,8,0,0,0,8.0,8,4,13,5,1,2,1,0,1,0,4.50,1.63
Justin Bruihl,LAD,24,8,0,0,0,8.0,5,3,6,1,1,0,1,0,0,0,3.38,0.75
Yunior Marte,SF,27,8,0,0,0,7.2,7,6,7,2,1,0,0,0,0,0,7.04,1.17
Packy Naughton,STL,26,5,1,0,0,7.2,9,3,7,1,2,0,1,0,0,0,3.52,1.30
Roansy Contreras,PIT,22,3,0,0,0,7.2,4,3,10,3,1,1,0,0,0,1,3.52,0.91
Ethan Roberts,CHC,24,9,0,0,0,7.2,10,7,9,6,3,0,1,0,0,1,8.22,2.09
Wyatt Mills,SEA,27,6,0,0,0,7.2,3,1,5,0,0,0,0,0,0,0,1.17,0.39
Albert Abreu,TEX,26,6,0,0,0,7.2,4,3,8,11,2,0,0,0,0,0,3.52,1.96
Jose Urena,MIL,30,4,0,0,0,7.2,7,3,3,5,1,0,0,0,0,0,3.52,1.57
Tyler Danish,BOS,27,6,0,0,0,7.2,6,2,9,2,1,1,0,0,0,0,2.35,1.04
Hyun Jin Ryu,TOR,35,2,2,0,0,7.1,11,11,5,2,2,0,0,0,0,0,13.50,1.77
Anthony Banda,PIT,28,9,0,0,0,7.1,10,2,9,1,1,0,0,0,0,1,2.45,1.50
Ryan Yarbrough,TB,30,2,2,0,0,7.1,10,5,6,4,1,0,0,0,0,0,6.14,1.91
Mike Baumann,BAL,26,5,0,0,0,7.1,7,5,6,6,0,1,2,0,0,0,6.14,1.77
Anderson Severino,CWS,27,6,0,0,0,7.1,7,5,9,4,0,0,0,0,0,0,6.14,1.50
John Schreiber,BOS,28,6,0,0,0,7.0,3,0,6,0,0,0,0,1,0,1,0.00,0.43
Lou Trivino,OAK,30,9,0,0,0,7.0,10,7,8,5,1,0,2,2,1,0,9.00,2.14
Spencer Patton,TEX,34,7,0,0,0,7.0,4,3,5,3,1,0,0,0,0,1,3.86,1.00
Robert Gsellman,CHC,28,3,0,0,0,7.0,9,5,5,2,0,0,1,0,0,0,6.43,1.57
Robert Stephenson,COL,29,8,0,0,0,7.0,8,5,4,5,0,0,0,0,0,1,6.43,1.86
Lucas Sims,CIN,28,6,0,0,0,6.2,5,7,5,6,0,1,0,1,0,0,9.45,1.65
Shawn Armstrong,MIA,31,7,0,0,0,6.2,10,8,5,3,1,0,0,0,0,0,10.80,1.95
Huascar Ynoa,ATL,23,2,2,0,0,6.2,11,10,8,6,2,0,2,0,0,0,13.50,2.55
Jimmy Lambert,CWS,27,2,2,0,0,6.2,7,4,6,3,1,0,2,0,0,0,5.40,1.50
Anthony Castro,CLE,27,6,0,0,0,6.2,7,3,9,3,2,0,0,0,0,0,4.05,1.50
Spencer Howard,TEX,25,3,1,0,0,6.2,10,9,12,2,6,0,1,0,0,0,12.15,1.80
Ronel Blanco,HOU,28,7,0,0,0,6.1,8,5,7,4,1,0,0,0,0,0,7.11,1.89
Enyel De Los Santos,CLE,26,7,0,0,0,6.1,3,3,11,5,0,0,0,0,0,0,4.26,1.26
Ryan Pressly,HOU,33,7,0,0,0,6.1,6,3,3,2,1,1,1,4,2,0,4.26,1.26
Pierce Johnson,SD,31,6,0,0,0,6.0,6,3,11,4,0,0,1,0,0,5,4.50,1.67
Andrew Chafin,DET,31,8,0,0,0,6.0,7,2,8,1,0,0,0,0,0,2,3.00,1.33
Kyle Crick,CWS,29,7,0,0,0,6.0,5,4,5,7,0,1,0,0,0,2,6.00,2.00
Logan Allen,CLE,24,4,0,0,0,6.0,9,3,6,3,0,1,0,0,0,0,4.50,2.00
Chase Silseth,LAA,21,1,1,0,0,6.0,1,0,4,2,0,1,0,0,0,0,0.00,0.50
Sean Poppen,ARI,28,5,0,0,0,6.0,4,1,3,2,0,1,0,0,1,0,1.50,1.00
George Kirby,SEA,24,1,1,0,0,6.0,4,0,7,0,0,0,0,0,0,0,0.00,0.67
Ralph Garza,TB,28,3,0,0,0,6.0,4,4,1,4,1,0,0,0,1,0,6.00,1.33
Reyes Moronta,LAD,29,6,0,0,0,6.0,6,2,6,3,0,0,0,0,0,0,3.00,1.50
Ryan Burr,CWS,27,5,0,0,0,6.0,5,4,4,4,2,0,1,0,0,1,6.00,1.50
Tim Hill,SD,32,9,0,0,0,5.2,11,7,1,3,0,0,0,0,0,4,11.12,2.47
Jason Foley,DET,26,5,0,0,0,5.2,7,2,0,0,0,0,0,0,0,0,3.18,1.24
Phillip Diehl,CIN,27,5,0,0,0,5.2,8,7,3,3,3,0,0,0,0,0,11.12,1.94
Jesse Chavez,CHC,38,3,0,0,0,5.2,7,4,3,2,1,0,0,0,1,0,6.35,1.59
Jharel Cotton,MIN,30,3,0,0,0,5.2,3,0,6,6,0,0,0,0,0,0,0.00,1.59
Brady Singer,KC,25,3,0,0,0,5.2,7,4,6,1,1,0,0,0,0,0,6.35,1.41
Patrick Murphy,WAS,26,6,0,0,0,5.2,8,4,4,8,0,0,0,0,0,0,6.35,2.82
Sean Doolittle,WAS,35,6,0,0,0,5.1,1,0,6,0,0,0,0,0,0,2,0.00,0.19
Javy Guerra,TB,26,6,0,0,0,5.1,8,5,3,1,2,0,0,0,0,0,8.44,1.69
Parker Mushinski,HOU,26,5,0,0,0,5.1,5,3,7,1,0,0,0,0,0,0,5.06,1.13
Adrian Martinez,OAK,25,1,1,0,0,5.1,4,0,3,0,0,1,0,0,0,0,0.00,0.75
Chris Mazza,TB,32,2,0,0,0,5.1,9,7,5,6,3,1,0,0,0,0,11.81,2.81
Jake Brentz,KC,27,8,0,0,0,5.1,11,14,9,10,1,0,3,0,0,2,23.63,3.94
Robert Dugger,TB,26,1,0,0,0,5.1,8,3,7,0,0,0,0,0,0,0,5.06,1.50
Jhon Romero,MIN,27,4,0,0,0,5.0,9,2,6,1,0,0,0,0,0,0,3.60,2.00
Ryan Feltner,COL,25,1,1,0,0,5.0,7,4,7,2,1,0,1,0,0,0,7.20,1.80
Jhonathan Diaz,LAA,25,1,1,0,0,5.0,3,0,4,4,0,1,0,0,0,0,0.00,1.40
Josh Sborz,TEX,28,5,0,0,0,5.0,5,5,6,3,2,0,0,0,0,0,9.00,1.60
Sean Newcomb,ATL,28,3,0,0,0,5.0,7,4,4,4,1,0,0,0,0,0,7.20,2.20
Max Kranick,PIT,24,2,0,0,0,5.0,3,0,4,3,0,0,0,0,0,1,0.00,1.20
Justus Sheffield,SEA,26,4,0,0,0,4.2,1,0,2,2,0,0,0,0,0,0,0.00,0.64
Drew VerHagen,STL,31,3,0,0,0,4.2,5,3,4,4,0,0,0,0,0,0,5.79,1.93
David Price,LAD,36,5,0,0,0,4.2,4,1,5,1,1,0,0,0,1,0,1.93,1.07
Greg Holland,TEX,36,5,0,0,0,4.2,6,4,5,1,3,0,1,0,0,0,7.71,1.50
Damon Jones,PHI,27,4,0,0,0,4.2,4,5,5,5,0,0,0,0,0,0,9.64,1.93
Luis Castillo,CIN,29,1,1,0,0,4.2,3,3,5,3,1,0,0,0,0,0,5.79,1.29
Francisco Perez,WAS,24,5,0,0,0,4.1,3,1,3,6,0,0,0,0,0,0,2.08,2.08
Chris Ellis,BAL,29,2,2,0,0,4.1,5,5,2,6,0,0,0,0,0,0,10.38,2.54
Matt Koch,SEA,31,4,0,0,0,4.1,5,4,3,1,2,0,0,0,0,0,8.31,1.38
Tommy Kahnle,LAD,32,4,0,0,0,4.0,3,3,5,2,2,0,0,0,0,1,6.75,1.25
Sam Clay,WAS,28,5,0,0,0,4.0,3,5,3,2,1,0,0,0,0,0,11.25,1.25
Cole Sands,MIN,24,2,0,0,0,4.0,4,3,6,0,1,0,0,0,0,0,6.75,1.00
Ron Marinaccio,NYY,26,4,0,0,0,4.0,6,5,6,2,0,0,0,0,0,0,11.25,2.00
Oliver Perez,ARI,40,7,0,0,0,4.0,8,7,1,1,1,1,1,0,0,0,15.75,2.25
Lucas Gilbreath,COL,26,5,0,0,0,4.0,8,9,3,6,1,0,0,0,0,0,20.25,3.50
Luis Gil,NYY,23,1,1,0,0,4.0,5,4,5,2,0,0,0,0,0,0,9.00,1.75
Pedro Avila,SD,25,2,0,0,0,4.0,3,2,5,1,1,0,0,0,0,0,4.50,1.00
Mauricio Llovera,SF,26,4,1,0,0,4.0,3,1,5,0,0,0,0,0,0,0,2.25,0.75
Dereck Rodriguez,MIN,29,1,0,0,0,4.0,4,3,2,3,3,0,0,0,0,0,6.75,1.75
Alexander Wells,BAL,25,2,0,0,0,3.2,5,2,6,0,2,0,0,0,0,0,4.91,1.36
Tommy Romero,TB,24,2,1,0,0,3.2,3,4,4,5,2,0,0,0,0,0,9.82,2.18
Adonis Medina,NYM,25,2,0,0,0,3.2,1,0,4,0,0,1,0,0,0,0,0.00,0.27
Justin Wilson,CIN,34,5,0,0,0,3.2,3,1,7,0,0,0,1,0,0,0,2.45,0.82
Sean Newcomb,CHC,28,3,0,0,0,3.1,3,3,3,1,1,0,0,0,0,0,8.10,1.20
Jackson Kowar,KC,25,1,0,0,0,3.1,11,7,4,1,0,0,0,0,0,0,18.90,3.60
Casey Lawrence,TOR,34,2,0,0,0,3.1,4,1,0,1,0,0,0,0,0,0,2.70,1.50
Ryan Hendrix,CIN,27,5,0,0,0,3.1,5,3,4,4,0,0,0,0,0,0,8.10,2.70
Jon Heasley,KC,25,1,1,0,0,3.1,4,1,1,4,0,0,1,0,0,0,2.70,2.40
Joel Kuhnel,CIN,27,3,0,0,0,3.0,3,1,4,1,0,0,0,0,0,0,3.00,1.33
Ryan Pepiot,LAD,24,1,1,0,0,3.0,1,0,3,5,0,0,0,0,0,0,0.00,2.00
Connor Brogdon,PHI,27,4,0,0,0,3.0,4,2,2,2,1,0,0,0,0,0,6.00,2.00
Kirk McCarty,CLE,26,1,0,0,0,3.0,4,4,3,2,2,0,0,0,0,0,12.00,2.00
Andrew Wantz,LAA,26,3,0,0,0,3.0,3,2,3,0,1,0,0,0,0,0,6.00,1.00
Stephen Nogosek,NYM,27,1,0,0,0,3.0,0,0,3,2,0,0,0,0,0,0,0.00,0.67
Taylor Widener,ARI,27,3,0,0,0,3.0,5,2,2,1,1,0,0,0,0,1,6.00,2.00
Robert Dugger,CIN,26,1,0,0,0,3.0,5,3,5,1,1,0,0,0,0,0,9.00,2.00
Yoan Lopez,NYM,29,2,0,0,0,3.0,5,3,4,0,1,0,0,0,0,0,9.00,1.67
Kyle Barraclough,LAA,31,2,0,0,0,3.0,2,0,3,0,0,0,0,0,0,0,0.00,0.67
Luis Perdomo,MIL,29,3,0,0,0,3.0,4,2,1,2,1,0,0,0,0,1,6.00,2.00
Francisco Morales,PHI,22,2,0,0,0,3.0,0,0,3,4,0,0,0,1,0,0,0.00,1.33
Wade Miley,CHC,35,1,1,0,0,3.0,5,3,1,5,0,0,0,0,0,0,9.00,3.33
Keynan Middleton,ARI,28,4,0,0,0,3.0,2,2,4,0,2,1,1,0,1,1,6.00,0.67
Blake Treinen,LAD,33,3,0,0,0,3.0,1,1,5,0,1,1,1,0,0,1,3.00,0.33
Carl Edwards,WAS,30,2,0,0,0,3.0,3,3,3,1,0,0,1,0,1,0,9.00,1.33
Hunter Harvey,WAS,27,4,0,0,0,2.2,1,0,3,1,0,0,0,0,0,0,0.00,0.75
Sam Selman,OAK,31,1,0,0,0,2.2,1,0,5,1,0,0,0,0,0,0,0.00,0.75
Joey Wentz,DET,24,1,1,0,0,2.2,7,6,1,2,0,0,1,0,0,0,20.25,3.38
Kyle Muller,ATL,24,1,1,0,0,2.2,4,7,3,6,0,0,1,0,0,0,23.63,3.75
Ryan Castellani,OAK,26,3,0,0,0,2.2,2,0,1,0,0,0,0,0,0,1,0.00,0.75
Tucker Davidson,ATL,26,1,0,0,0,2.2,5,5,2,2,0,0,0,0,0,0,16.88,2.63
Elvin Rodriguez,DET,24,1,0,0,0,2.2,3,4,2,2,1,0,0,0,0,0,13.50,1.88
Ryan Borucki,TOR,28,4,0,0,0,2.2,2,2,3,3,0,0,0,0,0,1,6.75,1.88
Daniel Duarte,CIN,25,3,0,0,0,2.2,3,3,2,3,1,0,0,0,0,0,10.13,2.25
Jake Walsh,STL,26,2,0,0,0,2.2,1,0,5,1,0,0,0,0,0,0,0.00,0.75
Seth Martinez,HOU,27,2,0,0,0,2.2,1,0,4,1,0,0,0,0,0,0,0.00,0.75
Jovani Moran,MIN,25,2,0,0,0,2.2,1,0,5,0,0,0,0,0,0,0,0.00,0.38
Tayler Saucedo,TOR,28,4,0,0,0,2.2,6,4,0,1,3,0,0,0,0,0,13.50,2.63
Matt Peacock,ARI,28,2,0,0,0,2.2,3,2,2,2,1,0,0,0,0,0,6.75,1.88
Dusten Knight,TB,31,1,0,0,0,2.1,3,1,3,1,0,0,0,0,0,0,3.86,1.71
Yennier Cano,MIN,28,1,0,0,0,2.1,3,3,2,0,1,0,0,0,0,0,11.57,1.29
Luis Frias,ARI,23,2,0,0,0,2.1,2,5,2,4,0,0,0,0,0,1,19.29,2.57
Ray Kerr,SD,27,3,0,0,0,2.1,1,2,2,1,1,0,0,0,0,0,7.71,0.86
Danny Young,SEA,27,1,0,0,0,2.1,3,0,3,1,0,0,0,0,0,0,0.00,1.71
Austin Adams,SD,31,2,0,0,0,2.1,0,0,2,3,0,1,0,0,0,0,0.00,1.29
Andrew Vasquez,TOR,28,3,0,0,0,2.1,4,4,4,2,1,0,0,0,0,0,15.43,2.57
Jorge Alcala,MIN,26,2,0,0,0,2.1,2,0,2,2,0,0,0,0,0,0,0.00,1.71
Pedro Baez,HOU,34,3,0,0,0,2.1,5,3,2,3,0,0,0,0,0,0,11.57,3.43
Robbie Erlin,LAD,31,2,0,0,0,2.0,2,2,1,1,1,0,0,0,0,0,9.00,1.50
Duane Underwood,PIT,27,2,0,0,0,2.0,5,3,4,0,0,0,0,0,0,0,13.50,2.50
Anthony Kay,TOR,27,1,0,0,0,2.0,2,1,3,1,0,0,0,0,0,0,4.50,1.50
Sam Howard,PIT,29,3,0,0,0,2.0,2,2,1,4,1,0,0,0,0,0,9.00,3.00
Yency Almonte,LAD,27,1,0,0,0,2.0,0,0,4,0,0,0,0,0,0,0,0.00,0.00
Javy Guerra,SD,26,1,0,0,0,2.0,3,4,1,3,1,0,0,0,0,0,18.00,3.00
Denyi Reyes,BAL,25,1,0,0,0,2.0,0,0,2,0,0,0,0,0,0,0,0.00,0.00
JP Sears,NYY,26,2,0,0,0,2.0,2,0,2,1,0,1,0,0,0,0,0.00,1.50
Daniel Castano,MIA,27,2,0,0,0,2.0,4,0,2,0,0,0,0,0,0,0,0.00,2.00
Tanner Tully,CLE,27,1,0,0,0,2.0,2,1,0,1,1,0,0,0,0,0,4.50,1.50
Sergio Romo,SEA,39,2,0,0,0,2.0,1,0,3,0,0,0,0,0,0,1,0.00,0.50
Angel De Jesus,DET,25,1,0,0,0,2.0,1,0,3,2,0,0,0,0,0,0,0.00,1.50
Locke St. John,CHC,29,1,0,0,0,2.0,3,3,4,0,2,0,0,0,0,0,13.50,1.50
Jared Solomon,CIN,24,2,0,0,0,2.0,2,0,5,1,0,0,0,0,0,0,0.00,1.50
William Woods,ATL,23,2,0,0,0,2.0,2,0,2,1,0,0,0,0,0,0,0.00,1.50
Kervin Castro,SF,23,2,0,0,0,1.2,4,5,4,2,0,0,0,0,0,0,27.00,3.60
Tommy Nance,MIA,31,1,0,0,0,1.2,0,0,3,1,0,0,0,0,0,0,0.00,0.60
Gregory Santos,SF,22,1,0,0,0,1.2,0,0,1,0,0,0,0,0,0,0,0.00,0.00
Edwin Uceta,ARI,24,2,0,0,0,1.2,1,2,0,2,0,0,0,0,0,0,10.80,1.80
Garrett Cleavinger,LAD,28,2,0,0,0,1.2,3,1,2,2,0,0,0,0,0,0,5.40,3.00
Joe Kelly,CWS,33,2,0,0,0,1.2,3,5,2,4,0,0,1,0,0,1,27.00,4.20
Logan Allen,BAL,24,2,0,0,0,1.1,1,1,0,1,0,0,0,0,0,0,6.75,1.50
Elvis Peguero,LAA,25,2,0,0,0,1.1,3,3,0,1,2,0,0,0,0,0,20.25,3.00
J.C. Mejia,MIL,25,1,0,0,0,1.1,3,5,0,3,0,0,0,0,0,0,33.75,4.50
Conner Menez,CHC,26,1,0,0,0,1.0,1,0,1,0,0,0,0,0,0,0,0.00,1.00
Riley O'Brien,SEA,27,1,0,0,0,1.0,1,0,1,1,0,0,0,0,0,0,0.00,2.00
Nick Snyder,TEX,26,2,0,0,0,1.0,1,2,0,3,0,0,0,0,0,0,18.00,4.00
Calvin Faucher,TB,26,1,0,0,0,1.0,3,5,1,2,1,0,0,0,0,0,45.00,5.00
Kenny Rosenberg,LAA,26,1,0,0,0,1.0,2,1,2,1,0,0,0,0,0,0,9.00,3.00
Cam Alldred,PIT,25,1,0,0,0,1.0,1,0,1,0,0,0,0,0,0,0,0.00,1.00
Tyler Holton,ARI,25,1,0,0,0,1.0,2,0,1,0,0,0,0,0,0,0,0.00,2.00
Sean Hjelle,SF,25,1,0,0,0,1.0,0,0,1,0,0,0,0,0,0,0,0.00,0.00
Zach Pop,MIA,25,1,0,0,0,1.0,3,2,1,0,0,0,0,0,0,0,18.00,3.00
Dylan Floro,MIA,31,1,0,0,0,1.0,4,3,0,1,0,0,0,0,0,0,27.00,5.00
Mason Thompson,WAS,24,2,0,0,0,1.0,0,0,3,2,0,0,0,0,0,0,0.00,2.00
Adrian Sampson,CHC,30,1,0,0,0,1.0,2,0,0,0,0,0,0,0,0,0,0.00,2.00
Luke Weaver,ARI,28,1,0,0,0,0.2,3,1,0,0,0,0,0,0,0,0,13.50,4.50
JT Chargois,TB,31,1,0,0,0,0.2,0,0,1,0,0,0,0,0,0,0,0.00,0.00
Luis Patino,TB,22,1,1,0,0,0.2,1,1,0,0,0,0,1,0,0,0,13.50,1.50
Bowden Francis,TOR,26,1,0,0,0,0.2,1,0,1,0,0,0,0,0,0,0,0.00,1.50
Jose Quijada,LAA,26,1,0,0,0,0.1,0,0,0,0,0,0,0,0,0,0,0.00,0.00
Brian Moran,LAA,33,1,0,0,0,0.1,3,2,0,1,1,0,0,0,0,0,54.00,12.00
Marcos Diplan,BAL,25,1,0,0,0,0.1,2,0,0,0,0,0,0,0,0,0,0.00,6.00