Name,Team,W,L,ERA,G,GS,CG,ShO,SV,HLD,BS,IP,TBF,H,R,ER,HR,BB,IBB,HBP,WP,BK,SO,playerid
Joe Smith,MIN,1,0,0.00,15,0,0,0,0,7,0,12.1,45,8,1,0,0,2,1,0,0,0,9,3281
Josh Hader,MIL,0,0,0.00,14,0,0,0,14,0,0,13.1,48,2,0,0,0,5,0,0,0,0,21,14212
Andrew Heaney,LAD,1,0,0.00,2,2,0,0,0,0,0,10.1,40,4,1,0,0,3,0,1,0,0,16,15423
J.P. Feyereisen,TBR,3,0,0.00,16,2,0,0,0,4,1,19.0,64,4,0,0,0,4,0,0,0,0,20,16610
Ryan Helsley,STL,2,0,0.00,11,0,0,0,1,4,1,13.2,45,2,1,0,0,2,0,0,0,0,24,18138
Jarlin Garcia,SFG,1,1,0.00,13,0,0,0,0,1,0,13.1,49,4,2,0,0,6,0,0,0,0,10,18282
Cody Poteet,MIA,0,0,0.43,9,1,0,0,0,1,0,21.0,78,10,1,1,0,8,0,0,0,0,18,18769
Clay Holmes,NYY,4,0,0.44,19,0,0,0,3,7,0,20.1,74,13,1,1,0,2,0,1,1,0,19,13649
A.J. Puk,OAK,1,0,0.52,13,0,0,0,0,3,0,17.1,65,11,1,1,0,3,0,0,0,0,17,19343
Taylor Rogers,SDP,0,0,0.52,17,0,0,0,15,0,1,17.1,64,8,1,1,0,3,0,3,0,0,20,13449
Rafael Montero,HOU,1,0,0.55,17,0,0,0,3,4,0,16.1,63,11,3,1,1,4,0,0,0,0,18,12760
Dany Jimenez,OAK,1,1,0.55,16,0,0,0,8,1,0,16.1,65,10,3,1,0,5,0,0,0,0,17,21170
Joe Mantiply,ARI,1,0,0.57,18,0,0,0,2,4,1,15.2,56,10,1,1,0,1,0,0,0,0,13,14857
Tyler Kinley,COL,1,0,0.63,16,0,0,0,0,7,0,14.1,59,10,4,1,0,5,0,1,1,0,15,18297
Penn Murfee,SEA,0,0,0.73,10,0,0,0,0,0,0,12.1,45,5,1,1,0,3,0,1,0,0,16,25174
Sam Moll,OAK,1,0,0.73,15,0,0,0,0,5,0,12.1,50,5,1,1,0,8,2,1,1,0,16,14874
Danny Coulombe,MIN,0,0,0.75,9,0,0,0,0,0,0,12.0,48,5,2,1,0,7,0,0,0,0,9,13293
Cionel Perez,BAL,1,0,0.77,15,0,0,0,0,3,0,11.2,47,12,1,1,1,5,0,1,1,0,12,19614
Clarke Schmidt,NYY,2,2,0.82,5,0,0,0,0,0,0,11.0,43,6,2,1,1,4,1,1,0,0,9,19899
David Bednar,PIT,0,0,0.90,16,0,0,0,8,4,0,20.0,71,9,2,2,2,3,1,0,0,1,27,19569
Alexis Diaz,CIN,1,0,1.02,17,0,0,0,1,2,0,17.2,74,8,2,2,1,11,0,2,2,0,21,21132
Neil Pallante,STL,0,0,1.02,13,0,0,0,0,3,0,17.2,77,18,2,2,1,8,0,0,0,0,11,26108
Scott Effross,CHC,1,1,1.06,18,1,0,0,0,2,0,17.0,68,13,5,2,0,2,0,0,0,0,21,18384
Jason Adam,TBR,0,1,1.10,16,0,0,0,1,2,0,16.1,60,4,3,2,0,4,1,2,1,0,21,11861
Wily Peralta,DET,1,0,1.10,10,1,0,0,0,1,0,16.1,67,11,3,2,1,11,0,0,0,0,15,7738
Zac Gallen,ARI,3,0,1.14,7,7,0,0,0,0,0,39.1,150,20,5,5,1,8,0,5,0,0,39,19291
Rowan Wick,CHC,1,0,1.23,14,0,0,0,4,2,0,14.2,63,14,3,2,0,7,0,0,1,0,18,14646
Ryne Stanek,HOU,0,0,1.23,16,0,0,0,1,1,0,14.2,57,7,2,2,1,8,0,0,1,0,12,15947
Kyle Nelson,ARI,1,0,1.23,15,0,0,0,0,5,0,14.2,53,9,2,2,0,2,0,1,1,0,16,20515
Sam Hentges,CLE,0,0,1.29,12,0,0,0,0,0,0,14.0,51,7,2,2,0,2,0,1,3,0,18,18548
Brock Burke,TEX,3,0,1.29,12,0,0,0,0,2,0,21.0,81,16,4,3,1,5,0,0,0,0,28,17968
Louis Head,MIA,0,0,1.29,13,0,0,0,1,0,0,14.0,60,11,2,2,0,7,1,1,1,0,12,13259
Erik Swanson,SEA,0,0,1.29,13,0,0,0,0,3,0,14.0,53,10,2,2,2,1,0,0,0,0,21,16587
Nabil Crismatt,SDP,2,0,1.31,11,1,0,0,0,1,0,20.2,82,11,3,3,0,9,0,1,0,0,18,17732
Keegan Akin,BAL,1,0,1.33,11,0,0,0,0,1,0,27.0,100,16,4,4,1,5,0,0,1,0,22,19362
Nestor Cortes,NYY,2,1,1.35,7,7,0,0,0,0,0,40.0,151,23,7,6,3,11,0,0,0,0,49,17874
Joe Barlow,TEX,1,0,1.35,13,0,0,0,7,0,0,13.1,52,7,3,2,2,4,0,1,0,0,15,22296
Justin Verlander,HOU,5,1,1.38,7,7,0,0,0,0,0,45.2,162,22,7,7,4,9,0,1,0,0,41,8700
David Robertson,CHC,1,0,1.38,12,0,0,0,5,0,0,13.0,49,3,2,2,1,6,0,0,0,0,19,8241
Wandy Peralta,NYY,1,0,1.38,11,0,0,0,0,2,1,13.0,50,8,2,2,0,5,0,0,0,0,8,14295
Michael King,NYY,2,1,1.40,12,0,0,0,1,5,1,25.2,94,17,5,4,1,4,1,0,1,0,37,19853
Keegan Thompson,CHC,3,0,1.41,9,2,0,0,0,0,0,32.0,123,23,5,5,2,10,0,4,0,0,27,19795
Jorge Lopez,BAL,3,2,1.42,17,0,0,0,4,0,2,19.0,80,10,5,3,0,12,0,0,1,0,20,14527
Joel Payamps,KCR,1,1,1.47,11,0,0,0,0,0,0,18.1,74,17,4,3,0,4,1,1,0,0,15,14332
Scott Barlow,KCR,2,1,1.47,16,0,0,0,4,3,1,18.1,68,11,4,3,2,5,1,0,1,0,16,14993
Jackson Stephens,ATL,0,1,1.50,7,0,0,0,1,0,0,12.0,52,11,6,2,1,4,1,0,0,0,13,14420
Jaime Barria,LAA,1,0,1.50,6,0,0,0,0,0,0,18.0,70,13,4,3,2,2,0,1,0,0,14,18356
Colin Poche,TBR,0,0,1.50,13,0,0,0,0,7,0,12.0,42,5,2,2,2,2,0,0,0,0,10,19403
Jalen Beeks,TBR,1,0,1.53,10,1,0,0,0,0,0,17.2,65,10,3,3,2,5,0,0,1,0,18,17192
Drew Smith,NYM,0,1,1.53,16,0,0,0,0,10,0,17.2,68,9,3,3,2,8,0,0,0,0,20,17755
A.J. Minter,ATL,0,0,1.53,18,0,0,0,0,7,0,17.2,66,9,3,3,0,4,0,1,1,0,27,18655
Michael Kopech,CHW,0,1,1.54,7,7,0,0,0,0,0,35.0,137,16,8,6,0,17,0,1,1,0,33,17282
Pablo Lopez,MIA,4,1,1.57,8,8,0,0,0,0,0,46.0,178,31,9,8,2,11,0,0,2,0,48,17085
Aaron Loup,LAA,0,2,1.62,17,0,0,0,0,7,1,16.2,65,8,7,3,1,2,0,2,0,0,17,10343
Anthony Bass,MIA,1,1,1.62,17,0,0,0,0,8,0,16.2,64,11,5,3,1,3,0,0,1,0,18,7982
Tony Gonsolin,LAD,4,0,1.64,7,7,0,0,0,0,0,33.0,132,19,7,6,2,15,0,1,1,0,30,19388
Martin Perez,TEX,3,2,1.64,8,8,1,1,0,0,0,49.1,191,37,13,9,0,12,0,2,1,0,38,6902
Jeffrey Springs,TBR,1,1,1.66,11,3,0,0,0,0,0,21.2,79,14,4,4,1,3,0,0,0,0,20,17677
Miles Mikolas,STL,3,2,1.68,8,8,0,0,0,0,0,48.1,193,39,10,9,2,9,0,2,1,0,36,9803
Alek Manoah,TOR,4,1,1.71,7,7,0,0,0,0,0,42.0,164,28,10,8,3,9,0,4,1,0,39,26410
Devin Smeltzer,MIN,1,0,1.74,2,2,0,0,0,0,0,10.1,39,8,2,2,0,3,0,0,1,0,2,19487
Brad Hand,PHI,1,1,1.74,16,0,0,0,1,4,0,10.1,49,7,3,2,0,8,0,3,1,0,13,9111
Michael Wacha,BOS,3,0,1.76,6,6,0,0,0,0,0,30.2,120,17,6,6,3,14,0,0,0,0,22,14078
Clayton Kershaw,LAD,4,0,1.80,5,5,0,0,0,0,0,30.0,109,19,6,6,2,3,0,1,0,0,32,2036
Phoenix Sanders,TBR,0,0,1.80,5,0,0,0,0,0,0,10.0,39,8,2,2,0,2,0,0,0,0,9,20541
Connor Overton,CIN,1,0,1.82,4,4,0,0,0,0,0,24.2,89,15,5,5,0,7,0,0,0,0,10,18376
Jeff Hoffman,CIN,0,0,1.83,13,0,0,0,0,0,0,19.2,79,16,5,4,1,6,0,0,0,0,19,17432
Oliver Ortega,LAA,1,1,1.83,13,0,0,0,0,1,0,19.2,74,13,4,4,1,8,0,0,0,0,13,21025
Chase De Jong,PIT,1,0,1.84,8,0,0,0,0,0,0,14.2,60,8,5,3,2,5,0,1,2,0,9,15036
Matt Moore,TEX,1,0,1.86,12,0,0,0,0,1,0,19.1,86,15,5,4,0,13,1,0,2,0,23,1890
Alex Lange,DET,0,1,1.88,17,0,0,0,0,4,0,14.1,56,7,3,3,0,5,0,1,3,0,16,19883
Matt Strahm,BOS,2,1,1.88,17,0,0,0,1,4,0,14.1,54,7,4,3,0,3,0,1,0,0,15,13799
David Peterson,NYM,1,0,1.89,4,3,0,0,0,0,0,19.0,76,13,5,4,1,8,0,0,0,0,16,20302
Patrick Sandoval,LAA,2,1,1.91,6,6,0,0,0,0,0,33.0,140,26,9,7,0,16,0,1,0,0,31,19447
Paul Blackburn,OAK,4,0,1.91,8,8,0,0,0,0,0,42.1,164,35,9,9,1,7,1,0,0,0,34,14739
Hector Neris,HOU,1,2,2.00,19,0,0,0,0,6,0,18.0,66,10,4,4,1,2,0,1,1,0,19,11804
John Brebbia,SFG,1,0,2.00,17,0,0,0,0,3,0,18.0,69,13,4,4,0,4,0,0,0,0,19,12777
Zach Logue,OAK,2,2,2.04,4,3,0,0,0,0,0,17.2,74,16,4,4,2,5,0,0,0,0,14,20231
Austin Davis,BOS,1,1,2.04,17,1,0,0,0,1,1,17.2,73,13,4,4,2,7,1,1,0,0,21,17117
Jake Woodford,STL,1,0,2.08,7,0,0,0,0,0,0,13.0,53,11,4,3,0,6,0,0,2,0,9,18674
Tim Mayza,TOR,2,0,2.08,15,0,0,0,0,7,1,13.0,51,11,3,3,1,2,0,0,0,1,13,15042
Edwin Diaz,NYM,1,0,2.12,17,0,0,0,9,0,2,17.0,67,10,4,4,3,8,0,0,0,0,32,14710
Adam Cimber,TOR,4,2,2.12,18,0,0,0,3,5,2,17.0,64,11,6,4,1,3,0,1,0,0,13,15288
Will Vest,DET,0,1,2.12,14,0,0,0,1,0,0,17.0,60,7,4,4,2,4,0,1,1,0,22,19769
Emilio Pagan,MIN,0,1,2.13,13,0,0,0,6,1,1,12.2,59,10,5,3,3,10,0,0,0,0,16,14771
Eric Lauer,MIL,4,1,2.16,7,7,0,0,0,0,0,41.2,164,31,12,10,7,8,0,1,0,0,54,19316
MacKenzie Gore,SDP,2,1,2.17,6,5,0,0,0,1,0,29.0,118,26,7,7,1,9,0,1,2,0,32,22201
Jose Quintana,PIT,1,1,2.19,7,7,0,0,0,0,0,37.0,149,26,9,9,2,14,1,1,1,0,30,11423
Joe Musgrove,SDP,4,0,2.20,7,7,0,0,0,0,0,45.0,176,36,15,11,4,6,0,2,0,0,47,12970
Dillon Tate,BAL,0,2,2.21,18,0,0,0,1,6,0,20.1,79,15,7,5,1,3,0,2,2,0,14,17796
Tarik Skubal,DET,3,2,2.22,8,8,0,0,0,0,0,44.2,176,39,14,11,2,8,0,0,0,0,50,22267
Erasmo Ramirez,WSN,0,0,2.25,12,0,0,0,0,0,0,16.0,66,15,6,4,2,1,1,2,0,0,12,10314
Corbin Burnes,MIL,1,2,2.26,8,8,0,0,0,0,0,51.2,197,35,14,13,8,8,0,4,2,0,62,19361
Madison Bumgarner,ARI,2,2,2.29,8,8,0,0,0,0,0,35.1,147,28,12,9,4,14,0,0,0,0,21,5524
Steven Okert,MIA,2,0,2.31,16,0,0,0,0,5,1,11.2,48,5,3,3,1,7,0,2,0,0,17,13580
Drew Rasmussen,TBR,4,1,2.33,8,8,0,0,0,0,0,38.2,152,27,10,10,2,8,0,1,3,0,34,25385
Shane McClanahan,TBR,3,2,2.33,8,8,0,0,0,0,0,46.1,177,30,13,12,6,10,0,1,3,0,65,21483
Andrew Bellatti,PHI,1,0,2.38,13,0,0,0,0,1,0,11.1,49,9,4,3,1,6,0,0,1,0,17,10657
Joe Ryan,MIN,4,2,2.39,7,7,0,0,0,0,0,37.2,149,24,10,10,3,12,0,3,0,0,36,21390
Logan Gilbert,SEA,4,2,2.40,8,8,0,0,0,0,0,45.0,182,34,14,12,3,16,0,2,1,0,51,22250
Garrett Whitlock,BOS,1,1,2.43,9,5,0,0,1,0,1,29.2,119,18,9,8,4,10,0,1,1,0,37,20191
Andres Machado,WSN,0,0,2.45,10,0,0,0,0,0,0,11.0,46,8,5,3,0,5,0,1,2,0,8,14681
Taylor Clarke,KCR,1,0,2.45,15,0,0,0,1,3,1,14.2,61,16,7,4,2,0,0,0,0,0,11,17611
Dennis Santana,TEX,2,1,2.45,13,0,0,0,0,5,0,11.0,40,6,4,3,0,2,0,0,1,0,6,17878
Seranthony Dominguez,PHI,2,1,2.45,15,0,0,0,0,6,0,14.2,59,11,4,4,0,6,0,1,0,0,18,19249
Sandy Alcantara,MIA,3,2,2.49,8,8,0,0,0,0,0,50.2,201,36,16,14,4,20,1,4,1,0,42,18684
Spencer Strider,ATL,0,1,2.49,10,0,0,0,0,2,1,21.2,85,14,6,6,0,9,0,0,1,0,32,27498
Hansel Robles,BOS,1,1,2.51,14,0,0,0,2,6,2,14.1,58,9,7,4,2,6,1,0,0,2,10,11801
Kevin Gausman,TOR,3,3,2.52,8,8,0,0,0,0,0,50.0,197,49,16,14,1,3,0,0,0,1,57,14107
Alex Vesia,LAD,0,0,2.53,14,0,0,0,0,3,0,10.2,44,7,3,3,0,3,0,0,0,0,14,25007
Max Scherzer,NYM,5,1,2.54,8,8,0,0,0,0,0,49.2,193,36,15,14,5,11,0,4,0,0,59,3137
Rony Garcia,DET,0,0,2.57,8,0,0,0,0,0,0,14.0,51,7,4,4,2,3,0,0,1,0,17,20430
Chase Silseth,LAA,1,1,2.61,2,2,0,0,0,0,0,10.1,43,7,3,3,2,4,0,1,1,0,10,30074
Matt Wisler,TBR,2,1,2.61,17,3,0,0,0,2,2,20.2,85,17,12,6,3,6,1,0,1,0,15,12804
Justin Bruihl,LAD,0,1,2.61,10,0,0,0,0,1,0,10.1,38,7,4,3,1,1,0,1,0,0,8,23779
Brooks Raley,TBR,1,0,2.61,13,0,0,0,3,4,1,10.1,44,8,4,3,0,2,0,2,1,0,13,10061
Julio Urias,LAD,3,3,2.63,8,8,0,0,0,0,0,41.0,164,35,18,12,7,8,0,1,0,0,31,14765
Aroldis Chapman,NYY,0,1,2.63,16,0,0,0,9,0,0,13.2,62,11,4,4,1,9,0,0,2,0,15,10233
David Phelps,TOR,0,0,2.63,16,0,0,0,0,3,1,13.2,53,7,4,4,0,8,0,0,2,0,13,6316
Genesis Cabrera,STL,1,1,2.65,16,0,0,0,0,5,0,17.0,72,14,6,5,4,5,0,2,0,0,13,17490
John King,TEX,1,1,2.65,17,0,0,0,0,5,0,17.0,74,16,5,5,1,7,0,1,0,0,14,22051
Framber Valdez,HOU,3,2,2.68,8,8,0,0,0,0,0,47.0,198,40,15,14,1,19,0,3,1,1,39,17295
Wade Miley,CHC,1,0,2.70,2,2,0,0,0,0,0,10.0,40,6,3,3,0,5,0,0,0,0,7,8779
Jakob Junis,SFG,1,1,2.70,5,3,0,0,0,0,0,26.2,104,23,8,8,3,4,0,1,1,0,20,13619
Kenley Jansen,ATL,2,0,2.70,16,0,0,0,9,0,1,16.2,61,7,5,5,0,4,0,0,0,0,22,3096
Camilo Doval,SFG,0,2,2.70,16,0,0,0,7,0,1,16.2,72,12,6,5,1,9,1,1,1,0,22,21992
Gabe Speier,KCR,0,1,2.70,11,1,0,0,0,1,0,13.1,49,11,4,4,2,0,0,0,0,0,9,17170
Matt Foster,CHW,0,0,2.70,16,0,0,0,0,5,0,16.2,66,13,5,5,1,4,0,0,0,0,17,19647
Jake Diekman,BOS,0,0,2.70,17,0,0,0,1,9,3,13.1,60,9,5,4,2,11,1,2,1,0,19,5003
Trevor Stephan,CLE,2,1,2.70,16,0,0,0,1,2,0,16.2,65,11,7,5,0,5,1,0,0,0,16,19932
Wil Crowe,PIT,2,2,2.74,14,1,0,0,1,3,1,23.0,96,15,9,7,1,11,0,2,1,0,23,19800
Bailey Ober,MIN,1,1,2.75,4,4,0,0,0,0,0,19.2,83,19,8,6,2,5,0,0,0,1,16,21224
Craig Stammen,SDP,0,0,2.77,13,0,0,0,0,2,1,13.0,52,12,6,4,2,0,0,1,3,0,13,7274
Trevor Gott,MIL,1,0,2.77,14,0,0,0,0,4,1,13.0,51,9,6,4,1,2,0,1,0,0,18,15046
Chris Bassitt,NYM,4,2,2.77,8,8,0,0,0,0,0,48.2,200,40,15,15,6,13,0,5,1,1,49,12304
Kyle Wright,ATL,3,2,2.79,7,7,0,0,0,0,0,42.0,171,33,15,13,2,13,0,3,1,0,50,19665
Kendall Graveman,CHW,0,1,2.79,17,0,0,0,2,9,2,19.1,79,19,8,6,0,5,0,0,1,0,18,15514
Jhoan Duran,MIN,0,1,2.79,14,0,0,0,2,4,0,19.1,74,12,6,6,4,3,0,2,1,0,29,21029
Ronald Bolanos,KCR,0,0,2.81,6,0,0,0,0,0,0,16.0,71,15,5,5,2,10,1,1,0,0,11,20041
Cole Sulser,MIA,0,1,2.81,17,0,0,0,1,5,1,16.0,63,12,7,5,1,7,0,0,0,0,16,15256
Felix Bautista,BAL,1,1,2.81,17,0,0,0,2,1,0,16.0,65,13,5,5,3,7,0,0,0,0,18,20666
Shohei Ohtani,LAA,3,2,2.82,7,7,0,0,0,0,0,38.1,156,30,12,12,3,9,0,1,6,0,53,19755
Lucas Giolito,CHW,2,1,2.84,6,6,0,0,0,0,0,31.2,127,28,10,10,6,11,1,0,1,0,44,15474
Daniel Hudson,LAD,1,3,2.84,13,0,0,0,2,6,0,12.2,51,9,5,4,1,3,0,0,2,0,15,7146
Brady Singer,KCR,1,0,2.84,4,1,0,0,0,0,0,12.2,50,11,4,4,1,1,0,1,0,0,15,25377
Chris Martin,CHC,0,0,2.84,15,0,0,0,0,2,1,12.2,53,16,4,4,1,3,1,0,3,0,15,11847
Paul Sewald,SEA,2,1,2.84,12,0,0,0,1,3,1,12.2,44,5,4,4,2,1,1,0,0,0,13,13892
Dominic Leone,SFG,2,0,2.84,14,0,0,0,1,4,1,12.2,54,16,5,4,2,2,0,0,0,0,13,13763
Adam Wainwright,STL,5,3,2.87,8,8,0,0,0,0,0,47.0,189,38,15,15,4,18,0,0,2,0,36,2233
Jordan Romano,TOR,1,2,2.87,17,0,0,0,13,0,2,15.2,64,13,6,5,2,5,0,0,0,0,17,16122
Cristian Javier,HOU,2,2,2.87,8,4,0,0,0,0,0,31.1,124,22,10,10,3,10,0,3,0,0,39,17606
Alex Faedo,DET,0,1,2.87,3,3,0,0,0,0,0,15.2,64,16,5,5,2,4,0,0,0,0,12,19874
Gerrit Cole,NYY,4,0,2.89,8,8,0,0,0,0,0,43.2,179,35,14,14,5,12,0,1,1,1,51,13125
Brad Keller,KCR,1,3,2.89,7,7,0,0,0,0,0,43.2,171,35,16,14,5,9,0,0,0,0,25,15734
Walker Buehler,LAD,5,1,2.89,8,8,1,1,0,0,0,46.2,194,45,15,15,3,12,0,2,1,0,39,19374
Zach Jackson,OAK,1,1,2.89,19,0,0,0,1,7,0,18.2,76,11,7,6,0,12,2,1,2,0,25,19493
Brad Boxberger,MIL,1,0,2.92,14,0,0,0,0,8,3,12.1,45,8,4,4,1,2,0,0,0,0,10,10133
Miguel Castro,NYY,2,0,2.92,15,0,0,0,0,4,0,12.1,56,8,5,4,0,9,0,2,0,0,12,15684
Cole Irvin,OAK,2,1,2.93,5,5,0,0,0,0,0,27.2,113,25,9,9,4,7,0,1,0,0,18,19244
Evan Phillips,LAD,1,1,2.93,15,0,0,0,0,3,1,15.1,59,9,5,5,1,4,0,1,0,0,19,17734
Emmanuel Clase,CLE,1,2,2.93,17,0,0,0,7,0,2,15.1,62,12,8,5,1,3,1,0,0,0,16,21032
Griffin Jax,MIN,3,0,2.95,11,0,0,0,1,3,0,18.1,75,16,6,6,2,7,0,1,1,0,21,20253
Triston McKenzie,CLE,2,3,2.97,7,6,0,0,0,0,0,36.1,141,24,12,12,3,11,0,3,3,0,34,18000
Andrew Kittredge,TBR,3,1,3.00,15,0,0,0,5,0,2,18.0,66,13,6,6,4,1,0,0,0,0,13,12828
Tanner Banks,CHW,0,0,3.00,11,0,0,0,0,0,0,18.0,74,14,10,6,3,7,0,0,2,0,13,16990
Chad Green,NYY,1,1,3.00,14,0,0,0,1,3,3,15.0,62,13,6,5,1,5,0,0,0,0,16,15552
Paolo Espino,WSN,0,0,3.06,14,0,0,0,0,0,0,17.2,75,21,6,6,2,3,0,0,0,0,13,8246
Bryan Abreu,HOU,2,0,3.06,12,0,0,0,0,2,0,17.2,74,16,7,6,1,6,0,2,2,0,26,16609
Adam Kolarek,OAK,0,0,3.07,12,0,0,0,0,0,0,14.2,61,13,5,5,0,6,0,2,0,0,7,10843
Marco Gonzales,SEA,2,4,3.08,8,8,0,0,0,0,0,38.0,170,41,22,13,8,16,0,1,0,0,24,15467
Dylan Cease,CHW,4,1,3.09,8,8,0,0,0,0,0,43.2,182,34,15,15,3,17,1,1,3,0,67,18525
Nick Nelson,PHI,1,0,3.10,10,0,0,0,0,1,0,20.1,87,18,7,7,1,10,0,1,2,0,15,20153
Ian Kennedy,ARI,2,2,3.12,18,0,0,0,3,6,1,17.1,79,17,7,6,1,9,2,0,3,0,14,6986
Jake Odorizzi,HOU,3,2,3.13,7,7,0,0,0,0,0,31.2,128,25,15,11,1,12,0,1,2,0,21,6397
Jimmy Herget,LAA,0,0,3.13,16,1,0,0,1,2,0,23.0,91,20,9,8,2,2,0,1,0,0,22,17556
Gregory Soto,DET,1,2,3.18,13,0,0,0,6,1,1,11.1,51,10,6,4,1,8,0,2,1,0,11,19677
Mike Clevinger,SDP,1,0,3.21,3,3,0,0,0,0,0,14.0,59,11,6,5,1,5,0,0,0,0,15,12808
Jose Ruiz,CHW,0,0,3.21,16,0,0,0,0,9,0,14.0,59,11,5,5,2,8,0,0,0,1,18,14552
Adrian Houser,MIL,3,4,3.22,7,7,0,0,0,0,0,36.1,158,32,19,13,1,17,0,0,0,0,31,12718
Michael Pineda,DET,1,2,3.22,5,5,0,0,0,0,0,22.1,88,20,8,8,4,4,0,0,0,0,12,5372
Joey Krehbiel,BAL,1,3,3.24,17,0,0,0,0,5,0,16.2,67,12,9,6,2,7,0,0,0,0,11,13707
Merrill Kelly,ARI,3,2,3.27,8,8,0,0,0,0,0,44.0,184,41,16,16,2,15,1,1,1,0,40,11156
Craig Kimbrel,LAD,0,0,3.27,12,0,0,0,8,0,0,11.0,48,11,4,4,1,4,0,0,1,1,15,6655
Jameson Taillon,NYY,4,1,3.28,7,7,0,0,0,0,0,35.2,151,39,13,13,4,4,0,2,2,0,27,11674
Blake Taylor,HOU,1,1,3.29,15,0,0,0,0,3,0,13.2,61,12,5,5,1,7,0,0,2,0,6,16418
Max Fried,ATL,4,2,3.31,8,8,0,0,0,0,0,49.0,198,45,19,18,4,6,1,2,5,0,47,13743
Luis Garcia,HOU,3,2,3.35,7,7,0,0,0,0,0,37.2,154,28,17,14,6,12,0,1,0,0,41,23735
Jordan Montgomery,NYY,0,1,3.35,8,8,0,0,0,0,0,40.1,166,37,15,15,4,8,0,4,3,0,32,16511
Will Smith,ATL,0,1,3.38,17,0,0,0,2,3,2,16.0,67,9,12,6,4,7,1,1,1,1,14,8048
Tanner Rainey,WSN,1,1,3.38,11,0,0,0,3,0,2,10.2,47,11,6,4,0,4,0,0,0,0,13,17610
Eli Morgan,CLE,1,1,3.38,8,1,0,0,0,0,0,16.0,59,8,6,6,2,3,0,1,0,0,19,20203
Yusei Kikuchi,TOR,2,1,3.38,7,7,0,0,0,0,0,32.0,136,21,15,12,4,20,0,0,1,0,33,20633
Corey Knebel,PHI,0,3,3.38,16,0,0,0,8,0,2,16.0,66,13,7,6,0,6,0,1,0,0,14,15010
Jason Foley,DET,0,0,3.38,8,0,0,0,0,0,0,10.2,41,11,4,4,0,0,0,0,0,0,2,19531
Justin Lawrence,COL,1,0,3.38,12,0,0,0,0,1,0,13.1,62,12,5,5,0,11,0,1,0,0,18,17639
Nick Sandlin,CLE,3,2,3.38,13,0,0,0,0,4,0,13.1,57,8,6,5,2,11,1,0,1,0,8,20517
Chasen Shreve,NYM,1,1,3.38,12,0,0,0,0,2,1,13.1,50,9,5,5,2,3,0,0,0,0,19,10855
Tanner Scott,MIA,0,1,3.45,18,0,0,0,1,1,0,15.2,70,10,7,6,2,11,0,2,1,0,25,17586
Josh Staumont,KCR,1,0,3.45,17,0,0,0,3,2,2,15.2,69,14,6,6,1,7,0,1,3,0,22,18335
Phil Bickford,LAD,0,0,3.46,14,0,0,0,0,1,0,13.0,51,12,5,5,2,3,0,1,0,0,11,18519
Justin Grimm,OAK,0,0,3.46,13,0,0,0,0,2,0,13.0,58,14,6,5,0,6,0,1,0,1,10,11720
Bennett Sousa,CHW,2,0,3.46,16,0,0,0,1,4,1,13.0,53,9,5,5,1,5,0,1,1,0,9,21345
Zack Greinke,KCR,0,2,3.48,8,8,0,0,0,0,0,44.0,183,49,19,17,2,4,0,2,2,0,18,1943
Cal Quantrill,CLE,1,2,3.48,7,7,0,0,0,0,0,41.1,166,34,18,16,3,15,0,1,0,0,25,19312
Bruce Zimmermann,BAL,2,2,3.48,8,8,0,0,0,0,0,41.1,170,42,19,16,4,10,0,2,0,0,34,20370
Sonny Gray,MIN,1,1,3.48,5,5,0,0,0,0,0,20.2,87,17,8,8,3,9,0,0,1,0,25,12768
Sammy Long,SFG,0,1,3.48,9,3,0,0,0,0,0,10.1,43,8,4,4,1,5,1,0,1,0,8,25379
Zack Wheeler,PHI,2,3,3.49,7,7,0,0,0,0,0,38.2,158,34,15,15,2,10,0,3,0,0,41,10310
Carlos Rodon,SFG,4,2,3.49,7,7,0,0,0,0,0,38.2,155,30,15,15,1,13,0,1,3,0,56,16137
Aaron Ashby,MIL,0,3,3.49,9,3,0,0,1,1,0,28.1,123,22,14,11,2,17,0,1,2,0,34,23550
Taijuan Walker,NYM,1,0,3.52,5,5,0,0,0,0,0,23.0,94,21,10,9,2,7,1,0,0,0,12,11836
Michael Fulmer,DET,2,2,3.52,15,0,0,0,1,4,2,15.1,63,11,6,6,1,8,1,0,1,0,11,13218
Mychal Givens,CHC,3,0,3.52,16,0,0,0,1,2,2,15.1,67,14,6,6,4,7,1,1,1,0,22,10430
Trent Thornton,TOR,0,2,3.52,10,0,0,0,0,0,0,15.1,64,12,6,6,0,8,0,0,1,0,10,17948
Luis Cessa,CIN,2,0,3.52,13,1,0,0,0,2,0,15.1,61,13,6,6,0,4,0,1,0,0,11,13345
Freddy Peralta,MIL,3,1,3.53,7,7,0,0,0,0,0,35.2,148,27,14,14,1,12,0,3,1,0,48,18679
Logan Webb,SFG,5,1,3.54,8,8,0,0,0,0,0,48.1,200,48,19,19,2,13,0,1,2,0,34,17995
Michael Lorenzen,LAA,4,2,3.57,6,6,0,0,0,0,0,35.1,139,28,14,14,4,11,0,1,0,0,24,14843
Dakota Hudson,STL,3,2,3.60,8,8,0,0,0,0,0,40.0,168,35,17,16,4,19,0,2,2,0,22,19206
George Kirby,SEA,0,1,3.60,3,3,0,0,0,0,0,15.0,62,15,8,6,2,2,0,0,2,0,11,25436
Noah Syndergaard,LAA,3,2,3.60,6,6,0,0,0,0,0,30.0,129,29,14,12,2,8,0,2,0,0,22,11762
Yimi Garcia,TOR,0,2,3.60,16,0,0,0,0,8,2,15.0,61,12,7,6,1,3,0,2,0,0,10,12095
Luis Severino,NYY,3,0,3.63,7,7,0,0,0,0,0,34.2,146,30,15,14,5,11,0,2,1,0,38,15890
Noe Ramirez,ARI,0,1,3.63,19,0,0,0,0,8,0,17.1,67,12,8,7,2,6,1,1,0,0,15,12800
Aaron Nola,PHI,1,4,3.64,8,8,0,0,0,0,0,47.0,185,37,20,19,7,9,0,4,0,0,55,16149
Hirokazu Sawamura,BOS,0,1,3.65,15,0,0,0,0,1,0,12.1,51,11,6,5,1,5,1,0,1,0,11,27515
Amir Garrett,KCR,1,0,3.65,14,0,0,0,0,0,0,12.1,49,3,5,5,0,10,0,1,3,1,14,14375
Frankie Montas,OAK,2,4,3.67,8,8,0,0,0,0,0,49.0,195,37,21,20,6,13,1,1,0,0,53,14309
Joe Jimenez,DET,1,0,3.68,16,0,0,0,0,3,0,14.2,60,11,6,6,2,5,0,0,0,0,15,15761
Josh Winder,MIN,2,2,3.68,7,3,0,0,0,0,0,29.1,122,27,14,12,4,9,0,1,1,0,23,24606
Giovanny Gallegos,STL,0,2,3.68,15,0,0,0,8,0,2,14.2,59,13,7,6,1,4,0,0,2,0,17,14986
Shane Bieber,CLE,1,2,3.72,7,7,0,0,0,0,0,38.2,163,37,17,16,4,12,0,1,1,0,36,19427
Carlos Carrasco,NYM,3,1,3.73,7,7,0,0,0,0,0,41.0,166,39,17,17,3,7,2,2,2,0,35,6632
Ian Anderson,ATL,3,2,3.75,7,7,0,0,0,0,0,36.0,154,30,16,15,4,18,0,0,1,0,25,19951
Bailey Falter,PHI,0,1,3.75,5,1,0,0,0,0,0,12.0,50,13,5,5,2,2,0,0,0,0,7,20070
Brent Suter,MIL,1,0,3.75,12,0,0,0,0,1,0,12.0,53,12,6,5,1,7,0,0,0,0,9,13942
Daniel Bard,COL,1,2,3.77,15,0,0,0,10,0,2,14.1,61,10,7,6,2,5,0,2,2,0,20,7115
Luis Garcia,SDP,2,2,3.77,15,0,0,0,0,7,1,14.1,62,14,9,6,0,4,0,0,5,0,15,6984
Kyle Finnegan,WSN,1,0,3.77,15,0,0,0,0,5,0,14.1,57,11,8,6,2,5,0,0,0,1,16,15009
Tyler Rogers,SFG,0,1,3.78,18,0,0,0,0,8,1,16.2,68,15,7,7,0,4,0,2,1,0,10,15541
Chad Kuhl,COL,3,2,3.86,7,7,0,0,0,0,0,37.1,155,31,17,16,4,13,0,0,2,0,30,14975
Tyler Beede,- - -,0,0,3.86,8,0,0,0,0,0,0,11.2,56,15,5,5,1,7,0,0,2,0,5,16981
Andres Munoz,SEA,1,1,3.86,13,0,0,0,1,3,1,11.2,52,12,5,5,2,5,0,1,1,0,20,20373
Robert Suarez,SDP,2,1,3.86,15,0,0,0,1,3,2,16.1,65,9,8,7,3,8,0,1,1,0,19,30115
Hoby Milner,MIL,2,0,3.86,15,0,0,0,0,0,0,14.0,55,10,7,6,1,4,0,0,1,0,11,13346
Domingo Acevedo,OAK,0,1,3.86,18,0,0,0,0,5,3,18.2,76,18,8,8,4,4,0,1,0,1,17,17092
Nick Martinez,SDP,2,2,3.89,7,6,0,0,0,0,0,34.2,144,31,15,15,6,15,0,1,2,0,36,12730
Rich Hill,BOS,1,1,3.90,7,7,0,0,0,0,0,30.0,126,30,14,13,3,8,0,1,0,0,23,4806
Zach Eflin,PHI,1,3,3.90,6,6,0,0,0,0,0,30.0,125,31,16,13,1,5,1,1,0,0,23,13774
Yu Darvish,SDP,4,1,3.91,8,8,0,0,0,0,0,46.0,189,41,20,20,4,11,0,2,1,0,37,13074
Dane Dunning,TEX,1,2,3.92,8,8,0,0,0,0,0,43.2,183,37,19,19,5,16,0,1,1,0,43,19409
Liam Hendriks,CHW,1,2,3.93,18,0,0,0,12,0,3,18.1,81,20,10,8,3,5,1,1,3,0,28,3548
Alex Wood,SFG,3,2,3.93,7,7,0,0,0,0,0,34.1,149,38,16,15,4,10,0,2,2,0,35,13781
Jeurys Familia,PHI,1,0,3.95,15,0,0,0,0,5,2,13.2,60,14,7,6,2,7,0,0,0,0,14,5114
Drew Smyly,CHC,1,5,3.97,7,7,0,0,0,0,0,34.0,146,40,16,15,6,7,0,0,2,0,26,11760
Kyle Gibson,PHI,3,2,3.98,8,8,0,0,0,0,0,43.0,178,40,20,19,4,13,0,0,1,0,37,10123
Dillon Peters,PIT,3,2,3.98,11,4,0,0,0,1,0,20.1,77,9,9,9,0,10,0,0,1,0,15,18790
Phil Maton,HOU,0,1,4.00,17,0,0,0,0,5,1,18.0,81,19,9,8,3,5,1,5,0,0,12,18064
Daniel Lynch,KCR,2,3,4.01,7,7,0,0,0,0,0,33.2,149,31,16,15,4,15,0,2,1,1,31,21537
Reynaldo Lopez,CHW,4,1,4.02,13,0,0,0,0,2,1,15.2,60,13,8,7,0,4,0,0,1,0,11,16400
Dylan Coleman,KCR,1,1,4.02,17,0,0,0,0,1,0,15.2,72,9,11,7,3,15,1,1,1,0,21,22276
Chris Paddack,MIN,1,2,4.03,5,5,0,0,0,0,0,22.1,93,25,10,10,0,2,0,1,1,0,20,20099
Jesus Luzardo,MIA,2,3,4.03,6,6,0,0,0,0,0,29.0,119,18,14,13,4,16,0,0,2,0,41,19959
Tyler Anderson,LAD,4,0,4.04,7,5,0,0,0,0,0,35.2,146,34,16,16,6,5,0,2,1,0,34,12880
Sean Manaea,SDP,2,3,4.04,8,8,0,0,0,0,0,49.0,199,39,23,22,7,16,0,0,0,0,55,15873
Erick Fedde,WSN,2,3,4.08,8,8,0,0,0,0,0,39.2,174,37,19,18,5,21,0,0,0,0,36,17425
Chris Archer,MIN,0,1,4.10,7,7,0,0,0,0,0,26.1,116,23,13,12,6,14,0,0,0,0,24,6345
Jordan Lyles,BAL,2,4,4.11,8,8,0,0,0,0,0,46.0,199,50,24,21,5,14,0,3,1,0,40,7593
Tyler Duffey,MIN,1,2,4.11,15,0,0,0,1,5,2,15.1,61,16,7,7,3,3,0,0,0,0,14,13758
Cody Stashak,MIN,3,0,4.11,10,0,0,0,0,1,0,15.1,62,16,7,7,1,0,0,0,0,0,14,18088
Ranger Suarez,PHI,4,2,4.12,8,8,0,0,0,0,0,39.1,174,42,20,18,5,15,0,1,0,0,33,17277
Reid Detmers,LAA,2,1,4.15,7,7,1,1,0,0,0,34.2,134,21,16,16,5,10,0,2,0,0,24,27468
Ryan Yarbrough,TBR,0,0,4.20,4,3,0,0,0,0,0,15.0,71,18,8,7,1,7,0,2,0,0,12,16502
Michael Rucker,CHC,0,0,4.20,8,0,0,0,0,0,0,15.0,61,13,7,7,2,5,0,0,3,0,15,19454
Jacob Barnes,DET,3,1,4.20,16,0,0,0,0,2,1,15.0,60,13,7,7,3,3,0,0,1,0,8,12323
Devin Williams,MIL,2,0,4.20,17,0,0,0,2,11,0,15.0,67,11,7,7,0,11,0,1,2,0,29,15816
Trevor Williams,NYM,0,2,4.20,6,2,0,0,0,0,1,15.0,68,20,9,7,1,2,0,0,0,0,15,16977
Steven Wilson,SDP,3,1,4.20,15,0,0,0,1,5,2,15.0,62,12,7,7,3,5,0,1,3,0,17,20353
Collin McHugh,ATL,0,1,4.20,15,0,0,0,0,3,2,15.0,63,15,7,7,1,4,0,0,1,0,19,7531
Jordan Hicks,STL,1,3,4.21,8,6,0,0,0,0,0,25.2,108,16,12,12,2,15,0,5,2,0,26,19618
Nick Pivetta,BOS,2,4,4.22,8,8,1,0,0,0,0,42.2,174,35,20,20,5,14,0,1,3,0,41,15454
Anthony Misiewicz,SEA,0,0,4.22,14,0,0,0,0,3,0,10.2,42,11,5,5,1,2,0,0,0,0,7,18152
Victor Arano,WSN,0,0,4.24,18,0,0,0,1,2,0,17.0,70,17,8,8,0,4,0,1,2,0,22,15915
Joely Rodriguez,NYM,0,2,4.26,14,0,0,0,0,4,0,12.2,51,7,7,6,1,7,0,0,0,0,16,11487
Corey Kluber,TBR,1,2,4.29,7,7,0,0,0,0,0,35.2,149,37,17,17,5,6,0,3,2,0,35,2429
Humberto Castellanos,ARI,3,1,4.29,9,7,0,0,0,0,0,35.2,149,33,18,17,5,9,0,3,1,0,26,21183
Adam Ottavino,NYM,2,1,4.30,16,0,0,0,0,3,1,14.2,66,13,7,7,1,6,1,1,3,0,23,1247
Nick Wittgren,STL,0,0,4.30,19,0,0,0,0,4,0,14.2,69,17,7,7,0,6,0,4,1,0,7,15594
Nathan Eovaldi,BOS,1,2,4.32,8,8,0,0,0,0,0,41.2,177,44,23,20,14,7,0,1,1,0,42,9132
Zach Davies,ARI,2,2,4.35,8,8,0,0,0,0,0,39.1,164,34,22,19,4,15,0,0,0,0,30,13183
Chris Flexen,SEA,1,6,4.35,7,7,0,0,0,0,0,39.1,165,39,19,19,7,12,0,1,0,0,29,13896
Josiah Gray,WSN,4,3,4.36,8,8,0,0,0,0,0,43.1,182,37,21,21,9,18,0,3,2,0,46,24580
Alex Colome,COL,1,0,4.38,13,0,0,0,2,3,1,12.1,61,19,10,6,0,7,1,0,0,0,7,6661
Austin Gomber,COL,2,3,4.38,7,7,0,0,0,0,0,39.0,156,35,21,19,6,13,1,0,0,0,32,16561
Eduardo Rodriguez,DET,1,3,4.38,8,8,0,0,0,0,0,39.0,169,35,26,19,4,17,0,0,0,0,34,13164
Corbin Martin,ARI,0,0,4.40,5,0,0,0,0,0,0,14.1,63,15,9,7,0,6,0,0,2,0,14,19884
Matt Bush,TEX,1,1,4.40,16,2,0,0,1,4,2,14.1,66,14,9,7,4,4,0,2,1,0,19,1246
Ryan Thompson,TBR,1,2,4.40,16,0,0,0,2,3,2,14.1,61,13,10,7,4,5,1,0,1,0,12,16647
Jesse Chavez,- - -,0,1,4.40,11,1,0,0,0,0,1,14.1,60,19,8,7,2,2,0,0,0,0,14,5448
Brett Martin,TEX,0,3,4.40,17,0,0,0,0,3,1,14.1,63,15,8,7,1,5,0,0,2,0,14,17369
Tyler Wells,BAL,1,3,4.41,8,8,0,0,0,0,0,32.2,135,33,16,16,5,6,0,1,0,0,23,20000
Tylor Megill,NYM,4,2,4.41,7,7,0,0,0,0,0,34.2,144,30,17,17,4,9,0,1,1,0,37,21318
Zach Plesac,CLE,1,3,4.42,7,7,0,0,0,0,0,38.2,167,40,23,19,6,12,0,2,1,0,23,19979
Justin Steele,CHC,1,4,4.50,7,7,0,0,0,0,0,28.0,128,29,17,14,1,15,0,0,1,1,29,17312
James Kaprielian,OAK,0,2,4.50,4,4,0,0,0,0,0,18.0,76,13,9,9,3,10,0,0,1,0,16,18331
Kodi Whitley,STL,2,0,4.50,11,0,0,0,0,1,0,10.0,44,7,5,5,0,6,0,2,0,0,10,19731
Anthony Bender,MIA,1,3,4.50,16,0,0,0,6,1,2,14.0,61,17,7,7,3,5,0,1,1,0,13,19742
Brusdar Graterol,LAD,0,2,4.50,15,0,0,0,0,5,0,14.0,61,11,8,7,1,8,1,0,0,0,12,20367
Antonio Senzatela,COL,2,2,4.55,7,7,0,0,0,0,0,29.2,137,48,19,15,2,8,0,1,0,0,11,15488
Drew Hutchison,DET,0,3,4.60,10,0,0,0,0,0,0,15.2,72,12,9,8,1,12,1,0,0,0,15,10732
Luis Castillo,CIN,0,2,4.60,3,3,0,0,0,0,0,15.2,64,14,8,8,2,4,0,0,0,1,12,15689
Bryan Baker,BAL,1,1,4.60,15,1,0,0,0,1,0,15.2,66,17,9,8,1,4,0,1,1,0,17,19804
Raisel Iglesias,LAA,1,2,4.61,16,0,0,0,8,0,1,13.2,54,9,8,7,3,4,0,1,1,0,17,17130
Ross Stripling,TOR,0,1,4.62,9,5,0,0,0,0,0,25.1,110,26,14,13,3,7,0,0,0,0,21,13273
Ryan Tepera,LAA,1,1,4.67,17,0,0,0,1,10,2,17.1,69,10,10,9,2,9,0,0,0,0,13,10291
Tanner Houck,BOS,3,3,4.70,9,4,0,0,0,0,0,30.2,126,24,16,16,2,13,0,3,2,0,29,19879
Collin Snider,KCR,3,1,4.70,18,0,0,0,0,6,1,15.1,62,16,8,8,1,6,0,0,0,0,12,23307
Bryce Elder,ATL,1,3,4.74,4,4,0,0,0,0,0,19.0,87,18,10,10,3,14,0,1,0,0,12,27779
Trevor Richards,TOR,1,0,4.76,17,0,0,0,0,5,0,17.0,74,16,10,9,5,8,0,0,0,0,19,19309
Robbie Ray,SEA,4,4,4.77,9,9,0,0,0,0,0,54.2,225,45,29,29,8,20,0,2,3,0,58,11486
Seth Lugo,NYM,0,1,4.80,16,0,0,0,2,7,1,15.0,65,16,8,8,2,5,0,0,0,0,15,12447
Jose Urquidy,HOU,3,1,4.81,7,7,0,0,0,0,0,33.2,148,46,18,18,6,4,0,1,1,0,20,18413
Jose Berrios,TOR,3,2,4.83,8,8,0,0,0,0,0,41.0,183,48,22,22,6,13,0,2,2,0,28,14168
Drew Steckenrider,SEA,0,1,4.85,14,0,0,0,2,4,1,13.0,60,17,7,7,1,5,0,0,0,0,9,18806
Kyle Freeland,COL,1,4,4.85,8,8,0,0,0,0,0,42.2,195,54,28,23,4,13,0,4,2,0,34,16256
Josh Rogers,WSN,2,2,4.87,10,3,0,0,0,1,0,20.1,85,18,11,11,4,7,0,0,0,0,12,18510
Marcus Stroman,CHC,1,4,4.88,6,6,0,0,0,0,0,31.1,128,29,20,17,5,7,0,0,0,0,28,13431
Zach Thompson,PIT,2,4,4.88,8,7,0,0,0,0,0,31.1,142,32,22,17,4,14,0,1,1,0,24,16094
Kyle Hendricks,CHC,2,4,4.89,9,9,0,0,0,0,0,49.2,212,49,27,27,10,17,0,3,0,0,35,12049
Mike Mayers,LAA,1,0,4.91,14,0,0,0,0,1,1,14.2,63,13,8,8,4,5,0,1,1,0,12,15451
Aaron Bummer,CHW,0,1,4.91,12,0,0,0,1,7,1,11.0,53,11,8,6,1,8,0,2,0,0,15,16258
Charlie Morton,ATL,3,3,4.95,8,8,0,0,0,0,0,40.0,179,39,23,22,4,19,0,5,1,0,37,4676
Tyler Gilbert,ARI,0,2,5.02,3,2,0,0,0,0,0,14.1,59,12,8,8,5,4,1,0,0,0,12,17964
Chris Stratton,PIT,2,1,5.02,16,0,0,0,2,4,2,14.1,68,19,10,8,0,5,1,0,1,0,14,13761
Kyle Bradish,BAL,1,2,5.06,4,4,0,0,0,0,0,21.1,87,23,13,12,4,6,0,1,1,0,22,24586
Tyler Matzek,ATL,0,1,5.06,13,0,0,0,0,6,0,10.2,47,6,8,6,1,9,0,2,2,0,10,10058
Spenser Watkins,BAL,0,1,5.10,7,7,0,0,0,0,0,30.0,137,33,20,17,5,15,0,3,1,1,14,17489
Beau Brieske,DET,0,3,5.13,5,5,0,0,0,0,0,26.1,114,24,16,15,7,11,0,0,0,1,15,26079
Dylan Bundy,MIN,3,2,5.14,6,6,0,0,0,0,0,28.0,120,30,16,16,4,7,0,0,0,0,25,12917
Trevor Rogers,MIA,2,5,5.20,8,8,0,0,0,0,0,36.1,163,40,23,21,6,15,0,1,3,0,34,22286
Anthony Gose,CLE,1,0,5.23,11,0,0,0,0,0,1,10.1,45,8,7,6,2,6,0,1,2,0,14,5097
Tyler Mahle,CIN,2,4,5.23,9,9,0,0,0,0,0,43.0,186,38,27,25,3,20,0,0,2,0,44,16358
Tyler Danish,BOS,1,0,5.25,8,0,0,0,0,0,0,12.0,51,11,8,7,3,2,0,2,0,0,12,15126
Matthew Festa,SEA,0,0,5.25,11,0,0,0,0,1,0,12.0,53,12,8,7,5,5,0,0,1,0,20,19330
Zack Littell,SFG,0,1,5.27,13,0,0,0,0,2,0,13.2,58,17,8,8,5,2,0,0,0,0,13,15823
Brandon Woodruff,MIL,4,2,5.35,7,7,0,0,0,0,0,33.2,149,34,23,20,5,12,0,2,0,0,43,16162
Casey Mize,DET,0,1,5.40,2,2,0,0,0,0,0,10.0,45,13,6,6,1,2,0,0,0,0,4,20492
Kolby Allard,TEX,0,2,5.40,5,0,0,0,0,0,0,10.0,41,9,6,6,3,3,1,0,0,0,7,18694
Robert Gsellman,CHC,0,1,5.40,5,0,0,0,0,0,0,10.0,41,11,6,6,1,2,0,0,0,0,7,13696
Sean Reid-Foley,NYM,0,0,5.40,7,0,0,0,0,0,0,10.0,44,7,6,6,1,7,0,1,0,0,8,17034
Jonathan Loaisiga,NYY,1,1,5.40,16,0,0,0,0,5,1,15.0,62,11,9,9,3,10,0,0,0,0,14,19753
Carlos Estevez,COL,1,1,5.40,14,0,0,0,0,2,0,11.2,53,15,7,7,3,5,0,0,1,0,7,14542
Bryan Shaw,CLE,1,0,5.40,16,0,0,0,0,3,0,11.2,50,11,7,7,2,5,0,1,0,0,5,8110
Taylor Hearn,TEX,2,2,5.46,7,7,0,0,0,0,0,29.2,138,34,18,18,5,16,0,2,1,0,31,18325
JT Brubaker,PIT,0,4,5.50,8,8,0,0,0,0,0,36.0,162,32,27,22,5,19,0,1,3,1,43,17578
Nick Lodolo,CIN,1,2,5.52,3,3,0,0,0,0,0,14.2,69,18,9,9,3,5,0,2,1,0,19,26378
Dallas Keuchel,CHW,2,3,5.54,6,6,0,0,0,0,0,26.0,128,36,21,16,3,15,1,0,3,0,16,9434
Jandel Gustave,MIL,0,0,5.54,12,0,0,0,0,1,0,13.0,60,13,8,8,3,5,0,1,1,0,15,14665
Glenn Otto,TEX,1,2,5.55,5,5,0,0,0,0,0,24.1,108,23,15,15,4,13,0,2,1,0,18,21366
Jake Lemoine,OAK,0,0,5.56,7,0,0,0,0,0,0,11.1,51,11,8,7,2,5,0,0,1,0,9,19785
Alex Cobb,SFG,3,1,5.61,6,6,0,0,0,0,0,25.2,114,30,21,16,2,9,0,0,3,1,32,6562
Steve Cishek,WSN,0,1,5.65,17,0,0,0,0,3,1,14.1,70,17,9,9,2,6,1,3,1,0,19,6483
Bryse Wilson,PIT,0,2,5.67,7,4,0,0,0,0,0,27.0,124,31,21,17,3,12,0,0,1,0,22,19990
Ty Blach,COL,1,0,5.68,10,0,0,0,1,0,1,19.0,78,18,12,12,3,5,1,0,0,0,13,14361
Daulton Jefferies,OAK,1,7,5.72,8,8,0,0,0,0,0,39.1,172,46,26,25,4,8,0,2,3,0,28,19345
Jon Gray,TEX,1,1,5.73,5,5,0,0,0,0,0,22.0,94,21,14,14,2,8,0,1,1,0,23,14916
Hunter Strickland,CIN,0,1,5.74,16,0,0,0,0,0,0,15.2,77,16,10,10,1,14,0,2,0,0,12,7836
Vince Velasquez,CHW,2,3,5.79,7,7,0,0,0,0,0,32.2,147,36,22,21,7,13,0,1,0,0,28,11189
Garrett Richards,TEX,1,1,5.84,10,2,0,0,0,0,0,12.1,52,10,8,8,2,7,0,1,0,0,13,9784
Cristopher Sanchez,PHI,0,1,5.84,5,1,0,0,0,0,0,12.1,55,10,8,8,2,6,1,3,0,0,12,20778
Tony Santillan,CIN,0,0,5.84,13,0,0,0,2,3,1,12.1,57,13,8,8,1,5,0,4,2,0,15,19926
Hyun-Jin Ryu,TOR,1,0,6.00,4,4,0,0,0,0,0,18.0,76,21,12,12,3,3,0,0,0,0,11,14444
Daniel Norris,CHC,0,2,6.00,11,1,0,0,0,1,0,12.0,48,7,8,8,3,6,0,0,0,0,16,13475
Paul Fry,BAL,0,0,6.00,12,0,0,0,0,1,0,12.0,54,9,9,8,1,7,0,2,2,0,12,15832
Steven Matz,STL,3,3,6.03,8,8,0,0,0,0,0,37.1,164,44,25,25,8,8,0,1,1,0,44,13361
Anthony DeSclafani,SFG,0,1,6.08,3,3,0,0,0,0,0,13.1,63,22,9,9,2,2,0,1,0,0,13,13050
Phillips Valdez,BOS,0,1,6.10,8,0,0,0,0,0,0,10.1,45,6,7,7,0,4,0,5,0,1,11,15605
Jose Suarez,LAA,0,2,6.11,5,4,0,0,0,0,0,17.2,85,21,12,12,4,12,0,0,0,0,16,19911
Elieser Hernandez,MIA,2,3,6.15,7,7,0,0,0,0,0,33.2,154,36,27,23,10,12,0,3,0,0,30,16933
German Marquez,COL,1,3,6.16,7,7,0,0,0,0,0,38.0,169,47,30,26,7,11,0,1,3,0,32,15038
Hunter Greene,CIN,1,6,6.21,7,7,0,0,0,0,0,33.1,154,32,24,23,11,20,0,1,2,0,44,22182
Ryan Brasier,BOS,0,2,6.28,18,0,0,0,0,4,1,14.1,63,18,10,10,5,3,0,0,1,0,16,5615
Caleb Thielbar,MIN,1,0,6.28,16,0,0,0,0,3,0,14.1,61,12,10,10,1,7,0,0,0,0,19,10078
Patrick Corbin,WSN,0,6,6.28,8,8,1,0,0,0,0,38.2,182,46,30,27,4,19,0,2,0,0,36,9323
Lucas Luetge,NYY,1,1,6.30,13,0,0,0,0,3,0,10.0,48,12,8,7,1,4,1,1,0,0,13,8337
Mitch Keller,PIT,1,5,6.37,8,7,0,0,0,0,0,35.1,161,41,25,25,5,14,0,2,0,0,30,17594
Joan Adon,WSN,1,7,6.38,8,8,0,0,0,0,0,36.2,171,37,26,26,5,23,1,5,6,0,31,22925
Josh Fleming,TBR,2,3,6.38,6,2,0,0,0,0,0,18.1,93,27,23,13,2,9,0,1,0,0,17,20418
Mark Leiter,CHC,0,1,6.57,5,3,0,0,0,0,0,12.1,55,12,9,9,2,7,0,1,0,0,12,15551
Art Warren,CIN,2,1,6.59,15,0,0,0,1,1,2,13.2,61,14,10,10,3,9,0,0,0,0,14,18251
Buck Farmer,CIN,0,0,6.75,10,0,0,0,0,0,0,12.0,59,15,10,9,2,7,0,1,2,0,17,14814
J.B. Wendelken,ARI,0,1,6.75,12,0,0,0,0,0,0,12.0,55,14,9,9,2,6,0,1,0,0,8,14506
Jose Alvarado,PHI,0,0,6.75,14,0,0,0,0,5,0,10.2,51,12,8,8,0,6,0,1,3,0,17,17780
Julian Merryweather,TOR,0,2,6.94,12,0,0,0,0,0,0,11.2,49,12,9,9,1,1,0,0,1,0,12,16703
Ashton Goudeau,COL,0,0,7.07,9,0,0,0,1,0,0,14.0,64,19,13,11,2,5,0,0,1,0,10,15139
Matt Barnes,BOS,0,3,7.11,15,0,0,0,1,0,1,12.2,58,14,13,10,1,6,1,1,2,0,10,12863
James Norwood,PHI,1,0,7.11,14,0,0,0,0,1,0,12.2,54,11,11,10,1,5,0,0,0,0,14,16440
Caleb Smith,ARI,0,1,7.20,10,1,0,0,0,1,0,15.0,71,15,13,12,6,10,0,0,0,0,18,14875
Mark Melancon,ARI,0,5,7.43,16,0,0,0,8,0,1,13.1,64,20,14,11,1,5,0,1,0,0,5,4264
Matt Brash,SEA,1,3,7.65,5,5,0,0,0,0,0,20.0,95,24,17,17,3,17,0,1,0,0,19,25756
Aaron Civale,CLE,2,3,7.84,7,7,0,0,0,0,0,31.0,144,38,31,27,6,9,0,4,1,0,30,19479
Aaron Sanchez,WSN,2,3,7.94,5,5,0,0,0,0,0,22.2,101,32,21,20,4,6,1,1,1,0,12,11490
Heath Hembree,PIT,2,0,8.10,17,0,0,0,0,2,1,13.1,62,15,12,12,5,9,0,0,0,0,10,11632
Jhoulys Chacin,COL,3,1,8.31,13,0,0,0,0,2,0,17.1,76,16,17,16,3,9,0,0,0,0,15,2608
Kutter Crawford,BOS,1,1,8.44,8,0,0,0,0,0,0,10.2,55,15,11,10,2,8,1,0,1,0,14,20531
Austin Voth,WSN,0,0,8.44,17,0,0,0,0,1,0,16.0,79,28,16,15,3,5,0,0,2,0,16,15047
Vladimir Gutierrez,CIN,0,5,8.65,6,6,0,0,0,0,0,26.0,128,32,25,25,6,19,1,6,0,0,19,19278
Kirby Snead,OAK,0,0,8.74,14,0,0,0,0,4,1,11.1,59,20,11,11,1,7,0,0,1,0,8,19179
Tyler Alexander,DET,0,3,8.76,4,4,0,0,0,0,0,12.1,59,17,14,12,3,5,0,0,0,0,9,17735
T.J. McFarland,STL,0,0,9.00,14,0,0,0,0,1,0,13.0,59,19,13,13,3,5,0,1,0,0,7,3237
Diego Castillo,SEA,1,0,9.00,16,0,0,0,2,0,0,13.0,66,20,15,13,1,8,1,0,1,0,12,17496
Carlos Hernandez,KCR,0,3,9.10,7,7,0,0,0,0,0,29.2,149,44,31,30,4,20,0,1,2,0,16,22713
Travis Lakins Sr.,BAL,0,1,9.58,6,0,0,0,0,0,0,10.1,50,14,11,11,3,6,0,1,1,0,8,18600
Jake McGee,SFG,1,1,9.58,11,0,0,0,2,1,1,10.1,51,16,12,11,1,4,1,0,0,0,6,7550
Dauri Moreta,CIN,0,1,9.88,15,1,0,0,0,1,0,13.2,63,15,15,15,7,6,0,2,0,0,16,21101
Miguel Yajure,PIT,1,0,11.32,6,0,0,0,0,0,0,10.1,53,16,13,13,1,6,0,2,0,0,4,21111
Adam Oller,OAK,0,3,12.27,4,4,0,0,0,0,0,14.2,76,21,21,20,6,11,0,1,1,0,11,20132
Kris Bubic,KCR,0,3,12.83,6,5,0,0,0,0,0,13.1,68,19,19,19,5,11,0,0,0,1,10,21455
Reiver Sanmartin,CIN,0,4,13.78,5,4,0,0,0,0,0,16.1,83,28,25,25,4,9,0,0,2,1,10,19754
